duration,amount,installment_rate,residence_time,age,existing_credits,people_liable,default,default_binary,status_A12,status_A13,status_A14,credit_history_A31,credit_history_A32,credit_history_A33,credit_history_A34,purpose_A41,purpose_A410,purpose_A42,purpose_A43,purpose_A44,purpose_A45,purpose_A46,purpose_A48,purpose_A49,savings_A62,savings_A63,savings_A64,savings_A65,employment_A72,employment_A73,employment_A74,employment_A75,personal_status_A92,personal_status_A93,personal_status_A94,other_debtors_A102,other_debtors_A103,property_A122,property_A123,property_A124,other_installments_A142,other_installments_A143,housing_A152,housing_A153,job_A172,job_A173,job_A174,telephone_A192,foreign_worker_A202,risk_score,kmeans_cluster,dbscan_label
6,1169,4,4,67,2,1,1,0,False,False,False,False,False,False,True,False,False,False,True,False,False,False,False,False,False,False,False,True,False,False,False,True,False,True,False,False,False,False,False,False,False,True,True,False,False,True,False,True,False,0.096451564987887,2,-1
48,5951,2,2,22,1,1,2,1,True,False,False,False,True,False,False,False,False,False,True,False,False,False,False,False,False,False,False,False,False,True,False,False,True,False,False,False,False,False,False,False,False,True,True,False,False,True,False,False,False,0.490457348228383,0,-1
12,2096,2,3,49,1,2,1,0,False,False,True,False,False,False,True,False,False,False,False,False,False,True,False,False,False,False,False,False,False,False,True,False,False,True,False,False,False,False,False,False,False,True,True,False,True,False,False,False,False,0.10162014453451508,2,-1
42,7882,2,4,45,1,2,1,0,False,False,False,False,True,False,False,False,False,True,False,False,False,False,False,False,False,False,False,False,False,False,True,False,False,True,False,False,True,True,False,False,False,True,False,True,False,True,False,False,False,0.38948537805516237,0,-1
24,4870,3,4,53,2,2,2,1,False,False,False,False,False,True,False,False,False,False,False,False,False,False,False,False,False,False,False,False,False,True,False,False,False,True,False,False,False,False,False,True,False,True,False,True,False,True,False,False,False,0.5406234849326508,0,-1
36,9055,2,4,35,1,2,1,0,False,False,True,False,True,False,False,False,False,False,False,False,False,True,False,False,False,False,False,True,False,True,False,False,False,True,False,False,False,False,False,True,False,True,False,True,True,False,False,True,False,0.13762488293507094,0,-1
24,2835,3,4,53,1,1,1,0,False,False,True,False,True,False,False,False,False,True,False,False,False,False,False,False,False,True,False,False,False,False,False,True,False,True,False,False,False,True,False,False,False,True,True,False,False,True,False,False,False,0.1050344932974029,1,-1
36,6948,2,2,35,1,1,1,0,True,False,False,False,True,False,False,True,False,False,False,False,False,False,False,False,False,False,False,False,False,True,False,False,False,True,False,False,False,False,True,False,False,True,False,False,False,False,True,True,False,0.3312522661368717,0,-1
12,3059,2,4,61,1,1,1,0,False,False,True,False,True,False,False,False,False,False,True,False,False,False,False,False,False,False,True,False,False,False,True,False,False,False,False,False,False,False,False,False,False,True,True,False,True,False,False,False,False,0.13762140325869643,1,-1
30,5234,4,2,28,2,1,2,1,True,False,False,False,False,False,True,False,False,False,False,False,False,False,False,False,False,False,False,False,False,False,False,False,False,False,True,False,False,False,True,False,False,True,True,False,False,False,True,False,False,0.46677936297372796,2,-1
12,1295,3,1,25,1,1,2,1,True,False,False,False,True,False,False,False,False,False,False,False,False,False,False,False,False,False,False,False,True,False,False,False,True,False,False,False,False,False,True,False,False,True,False,False,False,True,False,False,False,0.5406981782852256,1,-1
48,4308,3,4,24,1,1,2,1,False,False,False,False,True,False,False,False,False,False,False,False,False,False,False,True,False,False,False,False,True,False,False,False,True,False,False,False,False,True,False,False,False,True,False,False,False,True,False,False,False,0.5799522880238492,0,-1
12,1567,1,1,22,1,1,1,0,True,False,False,False,True,False,False,False,False,False,True,False,False,False,False,False,False,False,False,False,False,True,False,False,True,False,False,False,False,False,True,False,False,True,True,False,False,True,False,True,False,0.21414464601852418,1,-1
24,1199,4,4,60,2,1,2,1,False,False,False,False,False,False,True,False,False,False,False,False,False,False,False,False,False,False,False,False,False,False,False,True,False,True,False,False,False,False,True,False,False,True,True,False,True,False,False,False,False,0.13993999175262128,2,-1
15,1403,2,4,28,1,1,1,0,False,False,False,False,True,False,False,False,False,False,False,False,False,False,False,False,False,False,False,False,False,True,False,False,True,False,False,False,False,False,True,False,False,True,False,False,False,True,False,False,False,0.47122297610048236,1,-1
24,1282,4,2,32,1,1,2,1,False,False,False,False,True,False,False,False,False,False,True,False,False,False,False,False,True,False,False,False,False,True,False,False,True,False,False,False,False,False,True,False,False,True,True,False,True,False,False,False,False,0.6069799983668654,1,-1
24,2424,4,4,53,2,1,1,0,False,False,True,False,False,False,True,False,False,False,True,False,False,False,False,False,False,False,False,True,False,False,False,True,False,True,False,False,False,True,False,False,False,True,True,False,False,True,False,False,False,0.061927727262824,2,-1
30,8072,2,3,25,3,1,1,0,False,False,False,False,False,False,False,False,False,False,False,False,False,False,False,True,False,False,False,True,True,False,False,False,False,True,False,False,False,False,True,False,False,False,True,False,False,True,False,False,False,0.5319562714783653,0,-1
24,12579,4,2,44,1,1,2,1,True,False,False,False,True,False,False,True,False,False,False,False,False,False,False,False,False,False,False,False,False,False,False,True,True,False,False,False,False,False,False,True,False,True,False,True,False,False,True,True,False,0.5549242107118054,0,-1
24,3430,3,2,31,1,2,1,0,False,False,True,False,True,False,False,False,False,False,True,False,False,False,False,False,False,True,False,False,False,False,False,True,False,True,False,False,False,False,True,False,False,True,True,False,False,True,False,True,False,0.16043692186377248,1,-1
9,2134,4,4,48,3,1,1,0,False,False,True,False,False,False,True,False,False,False,False,False,False,False,False,False,False,False,False,False,False,True,False,False,False,True,False,False,False,False,True,False,False,True,True,False,False,True,False,True,False,0.07934091168694458,2,-1
6,2647,2,3,44,1,2,1,0,False,False,False,False,True,False,False,False,False,False,True,False,False,False,False,False,False,True,False,False,False,True,False,False,False,True,False,False,False,False,False,False,False,True,False,False,False,True,False,False,False,0.2573228297678948,1,-1
10,2241,1,3,48,2,2,1,0,False,False,False,False,False,False,True,False,False,False,False,False,False,False,False,False,False,False,False,False,True,False,False,False,False,True,False,False,False,False,False,False,False,True,False,False,True,False,False,False,True,0.2055535791225508,2,-1
12,1804,3,4,44,1,1,1,0,True,False,False,False,False,False,True,True,False,False,False,False,False,False,False,False,True,False,False,False,True,False,False,False,False,True,False,False,False,True,False,False,False,True,True,False,False,True,False,False,False,0.23933591049368005,2,-1
10,2069,2,1,26,2,1,1,0,False,False,True,False,False,False,True,False,False,True,False,False,False,False,False,False,False,False,False,True,False,True,False,False,False,False,True,False,False,False,True,False,False,True,True,False,False,True,False,False,True,0.11620525557884523,2,-1
6,1374,1,2,36,1,1,1,0,False,False,False,False,True,False,False,False,False,True,False,False,False,False,False,False,False,False,False,False,False,True,False,False,False,True,False,False,False,False,False,False,False,False,True,False,True,False,False,True,False,0.1192785121017953,1,-1
6,426,4,4,39,1,1,1,0,False,False,True,False,False,False,False,False,False,False,True,False,False,False,False,False,False,False,False,False,False,False,False,True,False,False,True,False,False,False,True,False,False,True,True,False,True,False,False,False,False,0.12960721986388457,1,-1
12,409,3,3,42,2,1,1,0,False,True,False,True,False,False,False,False,False,False,True,False,False,False,False,False,False,False,True,False,False,True,False,False,True,False,False,False,False,False,False,False,False,True,False,False,False,True,False,False,False,0.2305245540361078,3,-1
7,2415,3,2,34,1,1,1,0,True,False,False,False,True,False,False,False,False,False,True,False,False,False,False,False,False,False,False,False,False,True,False,False,False,True,False,False,True,False,False,False,False,True,True,False,False,True,False,False,False,0.26479563955357394,1,-1
60,6836,3,4,63,2,1,2,1,False,False,False,False,False,True,False,False,False,False,False,False,False,False,False,True,False,False,False,False,False,False,False,True,False,True,False,False,False,False,False,True,False,True,True,False,False,True,False,True,False,0.5406663599169561,0,-1
18,1913,3,3,36,1,1,1,0,True,False,False,False,True,False,False,False,False,False,False,False,False,False,False,True,False,False,True,False,True,False,False,False,False,False,True,False,False,False,False,False,False,False,True,False,False,True,False,True,False,0.12956449801153763,1,-1
24,4020,2,2,27,1,1,1,0,False,False,False,False,True,False,False,False,False,True,False,False,False,False,False,False,False,False,False,False,False,True,False,False,False,True,False,False,False,False,True,False,True,False,True,False,False,True,False,False,False,0.3853459238461329,1,-1
18,5866,2,2,30,2,1,1,0,True,False,False,False,True,False,False,False,False,False,False,False,False,False,False,False,True,False,False,False,False,True,False,False,False,True,False,False,False,False,True,False,False,True,True,False,False,True,False,True,False,0.3310884122381402,1,-1
12,1264,4,4,57,1,1,1,0,False,False,True,False,False,False,True,False,False,False,False,False,False,False,False,True,False,False,False,True,False,False,False,True,False,True,False,False,False,False,False,True,False,True,False,False,True,False,False,False,False,0.10120020153981857,2,-1
12,1474,4,1,33,1,1,1,0,False,True,False,False,True,False,False,False,False,True,False,False,False,False,False,False,False,False,False,False,True,False,False,False,True,False,False,False,False,True,False,False,False,False,True,False,False,False,True,True,False,0.4142200598283542,1,-1
45,4746,4,2,25,2,1,2,1,True,False,False,False,False,False,True,False,False,False,True,False,False,False,False,False,False,False,False,False,True,False,False,False,False,True,False,False,False,True,False,False,False,True,True,False,True,False,False,False,False,0.5532227958990542,0,-1
48,6110,1,3,31,1,1,1,0,False,False,True,False,False,False,True,False,False,False,False,False,False,True,False,False,False,False,False,False,False,True,False,False,False,True,False,False,False,False,False,True,False,False,False,True,False,True,False,True,False,0.18393867076752443,0,-1
18,2100,4,2,37,1,1,2,1,False,True,False,False,True,False,False,False,False,False,True,False,False,False,False,False,False,False,False,False,False,True,False,False,False,True,False,True,False,False,False,False,True,False,True,False,False,True,False,False,False,0.5289382675272384,1,-1
10,1225,2,2,37,1,1,1,0,False,True,False,False,True,False,False,False,False,False,False,True,False,False,False,False,False,False,False,False,False,True,False,False,False,True,False,False,False,False,True,False,False,True,True,False,False,True,False,True,False,0.1991673737325854,1,-1
9,458,4,3,24,1,1,1,0,True,False,False,False,True,False,False,False,False,False,True,False,False,False,False,False,False,False,False,False,False,True,False,False,False,True,False,False,False,False,False,False,False,True,True,False,False,True,False,False,False,0.4911166990811662,1,1
30,2333,4,2,30,1,1,1,0,False,False,True,False,True,False,False,False,False,False,True,False,False,False,False,False,False,True,False,False,False,False,False,True,False,True,False,False,False,False,True,False,False,False,True,False,False,False,True,False,False,0.14634066842337076,1,-1
12,1158,3,1,26,1,1,1,0,True,False,False,False,True,False,False,False,False,False,True,False,False,False,False,False,False,True,False,False,False,True,False,False,False,False,False,False,False,False,True,False,False,True,True,False,False,True,False,True,False,0.3664339236967807,1,-1
18,6204,2,4,44,1,2,1,0,True,False,False,False,False,True,False,False,False,False,False,False,True,False,False,False,False,False,False,False,False,True,False,False,False,True,False,False,False,False,False,False,False,True,True,False,True,False,False,True,False,0.2978409770636566,0,-1
30,6187,1,4,24,2,1,1,0,False,False,False,False,False,False,True,True,False,False,False,False,False,False,False,False,True,False,False,False,False,False,True,False,False,False,True,False,False,False,True,False,False,True,False,False,False,True,False,False,False,0.5657210823488655,0,-1
48,6143,4,4,58,2,1,2,1,False,False,False,False,False,False,True,True,False,False,False,False,False,False,False,False,False,False,False,False,False,False,False,True,True,False,False,False,False,False,False,True,True,False,False,True,True,False,False,False,False,0.540665894297498,0,-1
11,1393,4,4,35,2,1,1,0,False,False,True,False,False,False,True,False,False,False,False,False,False,False,False,False,False,False,False,False,True,False,False,False,True,False,False,False,False,False,True,False,False,True,True,False,False,False,True,False,False,0.12642441237035829,2,-1
36,2299,4,4,39,1,1,1,0,False,False,True,False,True,False,False,False,False,False,True,False,False,False,False,False,False,True,False,False,False,False,False,True,False,True,False,False,False,False,True,False,False,True,True,False,False,True,False,False,False,0.12750427658152413,1,-1
6,1352,1,2,23,1,1,1,0,False,False,False,False,True,False,False,True,False,False,False,False,False,False,False,False,False,True,False,False,False,False,False,False,True,False,False,False,False,True,False,False,False,True,False,False,False,False,False,True,False,0.30438241665642995,1,-1
11,7228,1,4,39,2,1,1,0,False,False,True,False,False,False,True,False,False,False,False,False,False,False,False,False,False,False,False,False,False,True,False,False,False,True,False,False,False,True,False,False,False,True,True,False,True,False,False,False,False,0.13767342556332934,2,-1
12,2073,4,2,28,1,1,1,0,False,False,True,False,True,False,False,False,False,False,True,False,False,False,False,False,True,False,False,False,False,True,False,False,True,False,False,True,False,False,False,False,False,True,True,False,False,True,False,False,False,0.12998082790970547,1,-1
24,2333,4,2,29,1,1,1,0,True,False,False,False,False,True,False,False,False,True,False,False,False,False,False,False,False,False,False,True,True,False,False,False,False,True,False,False,False,True,False,False,False,False,True,False,True,False,False,False,False,0.5185814925613867,1,-1
27,5965,1,2,30,2,1,1,0,True,False,False,False,False,True,False,True,False,False,False,False,False,False,False,False,False,False,False,False,False,False,False,True,False,True,False,False,False,False,True,False,False,True,True,False,False,False,True,True,False,0.4153767292360582,0,-1
12,1262,3,2,25,1,1,1,0,False,False,True,False,True,False,False,False,False,False,True,False,False,False,False,False,False,False,False,False,False,True,False,False,False,True,False,False,False,False,True,False,False,True,True,False,False,True,False,False,False,0.11020395326538378,1,-1
18,3378,2,1,31,1,1,1,0,False,False,True,False,True,False,False,True,False,False,False,False,False,False,False,False,False,False,False,True,False,True,False,False,False,True,False,False,False,True,False,False,False,True,True,False,False,True,False,True,False,0.09218825062950681,1,-1
36,2225,4,4,57,2,1,2,1,True,False,False,False,False,True,False,False,False,False,False,False,False,False,False,False,False,False,False,False,False,False,False,True,False,True,False,False,False,False,False,True,False,False,False,True,False,True,False,True,False,0.648597277083612,0,-1
6,783,1,2,26,1,2,1,0,False,False,True,True,False,False,False,False,False,False,False,False,False,False,False,False,False,False,False,True,False,True,False,False,False,True,False,False,True,False,False,False,True,False,True,False,True,False,False,False,False,0.24712475525598196,3,-1
12,6468,2,1,52,1,1,2,1,True,False,False,False,True,False,False,False,False,False,True,False,False,False,False,False,False,False,False,True,False,False,False,False,False,True,False,False,False,False,False,True,False,True,True,False,False,False,True,True,False,0.29825707204822804,1,-1
36,9566,2,2,31,2,1,1,0,False,False,True,False,False,False,True,False,False,False,True,False,False,False,False,False,False,False,False,False,False,True,False,False,True,False,False,False,False,False,True,False,True,False,True,False,False,True,False,False,False,0.22749806110994236,0,-1
18,1961,3,2,23,1,1,1,0,False,True,False,False,True,False,False,False,False,False,False,False,False,False,False,False,False,False,False,False,False,False,False,True,True,False,False,False,False,False,True,False,False,True,True,False,False,False,True,False,False,0.4713372694932463,1,-1
36,6229,4,4,23,2,1,2,1,False,False,False,False,False,False,True,False,False,True,False,False,False,False,False,False,False,False,False,False,True,False,False,False,True,False,False,True,False,False,False,True,False,True,False,False,True,False,False,True,False,0.6145416509817007,0,-1
9,1391,2,1,27,1,1,1,0,True,False,False,False,True,False,False,False,False,False,False,False,False,False,False,True,False,False,False,False,False,True,False,False,False,False,True,False,False,False,False,False,False,False,True,False,False,True,False,True,False,0.21870655717344362,1,-1
15,1537,4,4,50,2,1,1,0,True,False,False,False,False,False,True,False,False,False,True,False,False,False,False,False,False,False,False,True,False,False,False,True,False,True,False,False,True,False,False,False,False,True,True,False,False,True,False,True,False,0.11643050159858444,2,-1
36,1953,4,4,61,1,1,2,1,True,False,False,False,False,False,False,False,False,False,False,False,False,False,False,True,False,False,False,False,False,False,False,True,False,True,False,False,False,False,False,True,False,True,False,True,False,False,True,True,False,0.5617349405158134,1,-1
48,14421,2,2,25,1,1,2,1,True,False,False,False,False,False,False,False,False,False,False,False,False,False,False,True,False,False,False,False,False,True,False,False,False,True,False,False,False,False,True,False,False,True,True,False,False,True,False,True,False,0.5406633700400679,0,-1
24,3181,4,4,26,1,1,1,0,False,False,True,False,True,False,False,False,False,False,True,False,False,False,False,False,False,False,False,False,True,False,False,False,True,False,False,False,False,True,False,False,False,True,True,False,False,True,False,True,False,0.18395283828849487,1,-1
27,5190,4,4,48,4,2,1,0,False,False,True,False,True,False,False,False,False,False,False,False,True,False,False,False,False,False,False,True,False,False,False,True,False,True,False,False,False,True,False,False,False,True,True,False,False,True,False,True,False,0.16204607713012453,2,-1
12,2171,2,2,29,1,1,1,0,False,False,True,False,True,False,False,False,False,False,True,False,False,False,False,False,False,False,False,False,True,False,False,False,True,False,False,False,False,False,True,False,False,False,True,False,False,True,False,False,False,0.1340604625455581,1,-1
12,1007,4,1,22,1,1,1,0,True,False,False,False,True,False,False,False,False,False,False,False,False,False,False,False,False,False,True,False,False,True,False,False,False,False,True,False,False,False,False,False,False,True,True,False,False,True,False,False,False,0.13764627251545808,1,-1
36,1819,4,4,37,1,1,2,1,False,False,True,False,True,False,False,False,False,False,False,False,False,True,False,False,False,False,False,False,False,True,False,False,False,True,False,False,False,False,False,True,True,False,False,True,False,True,False,True,False,0.17718488396260962,1,-1
36,2394,4,4,25,1,1,1,0,False,False,True,False,True,False,False,False,False,False,True,False,False,False,False,False,False,False,False,True,False,True,False,False,True,False,False,False,False,False,True,False,False,True,True,False,False,True,False,False,False,0.136906720141209,1,-1
36,8133,1,2,30,1,1,1,0,False,False,True,False,True,False,False,True,False,False,False,False,False,False,False,False,False,False,False,False,False,True,False,False,True,False,False,False,False,True,False,False,False,False,True,False,False,True,False,False,False,0.16993877600262924,0,-1
7,730,4,2,46,2,1,1,0,False,False,True,False,False,False,True,False,False,False,True,False,False,False,False,False,False,False,False,True,False,False,False,True,False,True,False,False,False,True,False,False,False,True,False,False,True,False,False,True,False,0.11856513241412321,2,-1
8,1164,3,4,51,2,2,1,0,False,False,False,False,False,False,True,False,True,False,False,False,False,False,False,False,False,False,False,False,False,False,False,True,False,True,False,False,False,False,False,True,False,False,False,True,False,False,True,True,False,0.21306721229718484,2,-1
42,5954,2,1,41,2,1,1,0,True,False,False,False,False,False,True,False,False,False,False,False,False,False,False,True,False,False,False,False,False,False,True,False,True,False,False,False,False,False,False,False,False,False,True,False,True,False,False,False,False,0.39707859965593406,0,-1
36,1977,4,4,40,1,1,2,1,False,False,False,False,True,False,False,False,False,False,False,False,False,True,False,False,False,False,False,True,False,False,False,True,False,True,False,False,False,False,False,True,False,True,True,False,False,False,True,True,False,0.5407424807641591,1,-1
12,1526,4,4,66,2,1,1,0,False,False,False,False,False,False,True,True,False,False,False,False,False,False,False,False,False,False,False,False,False,False,False,True,False,True,False,False,False,False,False,True,False,True,False,True,False,False,True,False,False,0.18986289787412688,2,-1
42,3965,4,3,34,1,1,2,1,False,False,False,False,True,False,False,False,False,False,True,False,False,False,False,False,False,False,False,False,True,False,False,False,False,True,False,False,False,False,True,False,False,True,True,False,False,True,False,False,False,0.5717013519667936,1,-1
11,4771,2,4,51,1,1,1,0,True,False,False,False,False,True,False,False,False,False,True,False,False,False,False,False,False,False,False,False,False,False,True,False,False,True,False,False,False,True,False,False,False,True,True,False,False,True,False,False,False,0.21410362787992535,1,-1
54,9436,2,2,39,1,2,1,0,False,False,True,False,False,False,False,True,False,False,False,False,False,False,False,False,False,False,False,True,False,True,False,False,False,True,False,False,False,True,False,False,False,True,True,False,True,False,False,False,False,0.16960783092140871,0,-1
30,3832,2,1,22,1,1,1,0,True,False,False,False,True,False,False,False,False,True,False,False,False,False,False,False,False,False,False,False,True,False,False,False,False,False,True,False,False,True,False,False,False,True,True,False,False,True,False,False,False,0.49008570094235143,1,-1
24,5943,1,1,44,2,1,2,1,False,False,True,False,True,False,False,False,False,False,True,False,False,False,False,False,False,False,False,True,True,False,False,False,True,False,False,False,False,False,True,False,False,True,True,False,False,True,False,True,False,0.40793907821607983,1,-1
15,1213,4,3,47,1,1,1,0,False,False,True,False,True,False,False,False,False,False,True,False,False,False,False,False,False,True,False,False,False,False,False,True,False,True,False,False,False,True,False,False,True,False,True,False,False,True,False,True,False,0.12163026298940498,1,-1
18,1568,3,4,24,1,1,1,0,False,False,True,False,True,False,False,False,False,False,False,False,False,False,False,True,True,False,False,False,False,True,False,False,True,False,False,False,False,True,False,False,False,True,False,False,True,False,False,False,False,0.15737019518431242,1,-1
24,1755,4,4,58,1,1,1,0,False,False,False,False,True,False,False,False,True,False,False,False,False,False,False,False,False,False,False,False,False,False,False,True,True,False,False,False,True,False,False,False,False,True,True,False,True,False,False,True,False,0.4851893501040492,1,-1
10,2315,3,4,52,1,1,1,0,False,False,False,False,True,False,False,False,False,False,True,False,False,False,False,False,False,False,False,False,False,False,False,True,False,True,False,False,False,False,False,False,False,True,True,False,True,False,False,False,False,0.23099745611363595,1,-1
12,1412,4,2,29,2,1,1,0,False,False,True,False,False,False,True,False,False,False,False,False,False,False,False,True,False,False,False,False,False,True,False,False,True,False,False,False,True,False,False,False,False,True,True,False,False,False,True,True,False,0.12848794521855234,2,0
18,1295,4,1,27,2,1,1,0,True,False,False,False,False,False,True,False,False,True,False,False,False,False,False,False,False,False,False,False,True,False,False,False,True,False,False,False,False,True,False,False,False,True,True,False,False,True,False,False,False,0.3365501456022083,2,-1
36,12612,1,4,47,1,2,2,1,True,False,False,False,True,False,False,False,False,False,False,False,False,True,False,False,True,False,False,False,False,True,False,False,False,True,False,False,False,False,False,True,False,True,False,True,False,True,False,True,False,0.5253984654199876,0,-1
18,2249,4,3,30,1,2,1,0,False,False,False,False,True,False,False,False,False,False,False,False,False,False,False,False,True,False,False,False,False,False,True,False,False,True,False,False,False,False,True,False,False,True,True,False,False,False,True,True,False,0.5835942290546217,1,-1
12,1108,4,3,28,2,1,2,1,False,False,False,False,False,False,False,False,False,False,False,False,True,False,False,False,False,False,False,False,False,False,True,False,False,True,False,False,False,False,False,False,False,True,True,False,False,True,False,False,False,0.3908045917777121,1,-1
12,618,4,4,56,1,1,1,0,False,False,True,False,False,False,True,False,False,False,True,False,False,False,False,False,False,False,False,False,False,False,False,True,False,True,False,False,False,False,False,False,False,True,True,False,False,True,False,False,False,0.08069759327481395,2,-1
12,1409,4,3,54,1,1,1,0,False,False,False,False,False,False,True,True,False,False,False,False,False,False,False,False,False,False,False,False,False,False,False,True,False,True,False,False,False,False,False,False,False,True,True,False,False,True,False,False,False,0.19232812304084881,2,-1
12,797,4,3,33,1,2,2,1,False,False,True,False,False,False,True,False,False,False,True,False,False,False,False,False,False,False,False,True,False,False,False,True,True,False,False,False,False,True,False,False,False,False,True,False,True,False,False,False,False,0.27379823515123347,2,-1
24,3617,4,4,20,2,1,1,0,False,True,False,False,False,False,True,False,False,True,False,False,False,False,False,False,False,False,False,True,False,False,False,True,False,True,False,True,False,False,False,True,False,True,False,False,False,True,False,False,False,0.42061875043942887,2,-1
12,1318,4,4,54,1,1,1,0,True,False,False,False,True,False,False,False,False,False,False,False,False,False,False,False,False,False,True,False,False,False,False,True,False,True,False,False,False,False,False,False,False,True,True,False,False,True,False,True,False,0.15883341173615764,1,-1
54,15945,3,4,58,1,1,2,1,True,False,False,False,False,False,False,False,False,False,False,False,False,False,False,True,False,False,False,False,True,False,False,False,False,True,False,False,False,False,False,True,False,True,False,False,False,True,False,True,False,0.5406944560142812,0,-1
12,2012,4,2,61,1,1,1,0,False,False,True,False,False,False,True,False,False,False,False,False,False,True,False,False,False,False,False,True,False,False,True,False,True,False,False,False,False,False,True,False,False,True,True,False,False,True,False,False,False,0.09689382583387547,2,-1
18,2622,4,4,34,1,1,1,0,True,False,False,False,True,False,False,False,False,False,False,False,False,False,False,True,True,False,False,False,False,True,False,False,False,True,False,False,False,False,True,False,False,True,True,False,False,True,False,False,False,0.40715856748026846,1,-1
36,2337,4,4,36,1,1,1,0,True,False,False,False,False,False,True,False,False,False,True,False,False,False,False,False,False,False,False,False,False,False,False,True,False,True,False,False,False,False,False,False,False,True,True,False,False,True,False,False,False,0.3678036717495429,2,-1
20,7057,3,4,36,2,2,1,0,True,False,False,False,False,True,False,True,False,False,False,False,False,False,False,False,False,False,False,True,False,False,True,False,False,True,False,False,False,True,False,False,False,False,False,False,False,False,True,True,False,0.42919653743037905,0,-1
24,1469,4,4,41,1,1,1,0,False,False,True,False,True,False,False,False,False,False,False,False,False,False,False,False,True,False,False,False,False,False,False,True,False,False,True,False,False,False,False,False,False,True,False,False,True,False,False,False,False,0.14503722769033692,1,-1
36,2323,4,4,24,1,1,1,0,True,False,False,False,True,False,False,False,False,False,True,False,False,False,False,False,False,False,False,False,False,False,True,False,False,True,False,False,False,False,True,False,False,True,False,False,False,True,False,False,False,0.5557703714083707,1,-1
6,932,3,2,24,1,1,1,0,False,False,True,False,False,True,False,False,False,False,True,False,False,False,False,False,False,False,False,False,False,True,False,False,True,False,False,False,False,False,False,False,False,True,True,False,False,True,False,False,False,0.11337355110754074,1,-1
9,1919,4,3,35,1,1,1,0,True,False,False,False,False,False,True,False,False,True,False,False,False,False,False,False,False,False,False,False,False,False,True,False,False,True,False,False,False,False,True,False,False,True,False,False,False,True,False,True,False,0.30089475938094146,2,-1
12,2445,2,4,26,1,1,1,0,False,False,True,False,True,False,False,True,False,False,False,False,False,False,False,False,False,False,False,True,True,False,False,False,False,False,True,False,False,False,True,False,False,True,False,False,False,True,False,True,False,0.14493465155522584,1,-1
24,11938,2,3,39,2,2,2,1,True,False,False,False,False,False,True,False,True,False,False,False,False,False,False,False,False,False,False,False,False,True,False,False,False,True,False,True,False,False,True,False,False,True,True,False,False,False,True,True,False,0.47713919641971964,0,-1
18,6458,2,4,39,2,2,2,1,False,False,True,True,False,False,False,False,False,False,False,False,False,False,False,False,False,False,False,False,False,False,False,True,False,True,False,False,False,False,False,True,False,False,True,False,False,False,True,True,False,0.5407194028590824,3,-1
12,6078,2,2,32,1,1,1,0,True,False,False,False,True,False,False,False,False,False,False,False,False,False,False,False,False,False,False,False,False,False,True,False,False,True,False,False,False,False,True,False,False,True,True,False,False,True,False,False,False,0.24736630008584667,1,-1
24,7721,1,2,30,1,1,1,0,False,False,False,False,True,False,False,False,False,True,False,False,False,False,False,False,False,False,False,True,True,False,False,False,True,False,False,False,False,True,False,False,False,True,True,False,False,True,False,True,True,0.4692137813369431,0,-1
14,1410,1,2,35,1,1,1,0,True,False,False,False,True,False,False,False,False,False,False,False,False,False,False,True,False,True,False,False,False,False,False,True,False,False,True,False,False,False,False,False,False,True,True,False,False,True,False,True,False,0.18586914757955564,1,-1
6,1449,1,2,31,2,2,1,0,True,False,False,False,False,True,False,False,False,False,False,False,False,False,False,True,True,False,False,False,False,False,False,True,False,False,False,False,False,False,True,False,False,False,True,False,False,True,False,False,False,0.13766283720479222,1,-1
15,392,4,4,23,1,1,1,0,False,True,False,False,True,False,False,False,False,False,False,False,False,True,False,False,False,False,False,False,True,False,False,False,True,False,False,False,False,True,False,False,False,True,False,False,False,True,False,True,False,0.5336197890844969,1,-1
18,6260,3,3,28,1,1,1,0,True,False,False,False,True,False,False,False,False,False,False,False,False,False,False,False,False,False,False,False,False,False,True,False,False,True,False,False,False,False,False,False,False,True,False,False,True,False,False,False,False,0.3960569289406647,1,-1
36,7855,4,2,25,2,1,2,1,False,False,True,False,False,False,True,False,False,False,False,False,False,False,False,False,False,False,False,False,False,True,False,False,True,False,False,False,False,False,False,False,True,False,True,False,False,True,False,True,False,0.2526248689699288,2,-1
12,1680,3,1,35,1,1,1,0,False,False,False,False,True,False,False,False,False,False,True,False,False,False,False,False,False,True,False,False,False,False,False,True,False,False,True,False,False,False,False,False,False,True,True,False,False,True,False,False,False,0.3124120644127187,1,-1
48,3578,4,1,47,1,1,1,0,False,False,True,False,False,False,True,False,False,False,True,False,False,False,False,False,False,False,False,True,False,False,False,True,False,True,False,False,False,False,False,False,False,True,True,False,False,True,False,True,False,0.18918780461569837,2,-1
42,7174,4,3,30,1,1,2,1,False,False,False,False,True,False,False,False,False,False,True,False,False,False,False,False,False,False,False,True,False,False,True,False,True,False,False,False,False,False,True,False,False,True,True,False,False,False,True,True,False,0.5603409409093612,0,-1
10,2132,2,3,27,2,1,1,0,False,False,False,False,False,False,True,False,False,True,False,False,False,False,False,False,False,False,False,True,True,False,False,False,True,False,False,True,False,False,False,False,False,True,False,False,False,True,False,False,True,0.43166190141383526,2,-1
33,4281,1,4,23,2,1,2,1,False,False,False,False,False,False,True,False,False,True,False,False,False,False,False,False,False,True,False,False,False,True,False,False,True,False,False,False,False,False,True,False,False,True,True,False,False,True,False,False,False,0.5406725858643634,2,-1
12,2366,3,3,36,1,1,1,0,True,False,False,False,False,False,True,False,False,False,False,False,False,False,False,False,False,True,False,False,False,False,True,False,False,False,False,False,False,False,True,False,False,True,True,False,False,False,True,True,False,0.2066816317752083,2,-1
21,1835,3,2,25,2,1,2,1,False,False,False,False,True,False,False,False,False,False,True,False,False,False,False,False,False,False,False,False,False,True,False,False,True,False,False,False,False,False,False,False,False,True,True,False,False,True,False,True,False,0.48708887111570864,1,-1
24,3868,4,2,41,2,1,1,0,False,False,True,False,False,False,True,True,False,False,False,False,False,False,False,False,False,False,False,False,False,False,False,True,True,False,False,False,False,False,True,False,False,True,False,False,False,False,True,True,False,0.13767412818290733,2,-1
12,1768,3,2,24,1,1,1,0,False,False,True,False,True,False,False,False,False,True,False,False,False,False,False,False,False,False,False,False,False,True,False,False,False,True,False,False,False,False,False,False,False,True,False,False,True,False,False,False,False,0.1346604627317451,1,-1
10,781,4,4,63,2,1,1,0,False,True,False,False,False,False,True,False,False,False,False,False,False,False,False,False,False,False,False,False,False,False,False,True,False,True,False,False,False,False,False,True,False,True,False,True,False,True,False,True,False,0.18010074700176645,2,-1
18,1924,4,3,27,1,1,2,1,True,False,False,False,True,False,False,False,False,True,False,False,False,False,False,False,False,False,False,True,True,False,False,False,True,False,False,False,False,False,False,False,False,True,False,False,False,True,False,False,False,0.5453552498132546,1,-1
12,2121,4,2,30,2,1,1,0,False,False,False,False,False,False,True,False,False,False,False,False,False,False,False,False,False,False,False,False,False,True,False,False,False,True,False,False,False,True,False,False,False,True,True,False,False,True,False,False,False,0.2802155255627079,2,-1
12,701,4,2,40,1,1,1,0,False,False,False,False,True,False,False,False,False,False,True,False,False,False,False,False,False,False,False,False,False,True,False,False,False,False,True,False,False,False,False,False,False,True,True,False,True,False,False,False,False,0.46948123304163125,1,-1
12,639,4,2,30,1,1,2,1,True,False,False,False,True,False,False,False,False,False,False,False,True,False,False,False,False,False,False,False,False,True,False,False,False,True,False,False,False,False,True,False,False,True,True,False,False,True,False,False,False,0.5142657920897006,1,-1
12,1860,4,2,34,2,1,1,0,True,False,False,False,False,False,True,True,False,False,False,False,False,False,False,False,False,False,False,False,False,False,False,False,False,True,False,False,False,False,True,False,False,True,True,False,False,False,True,True,False,0.25628951247793547,2,-1
12,3499,3,2,29,2,1,2,1,False,False,False,False,False,False,True,False,False,False,False,False,False,False,False,False,False,False,False,False,False,True,False,False,True,False,False,True,False,False,False,False,False,True,True,False,False,True,False,False,False,0.22799976518892098,2,-1
48,8487,1,2,24,1,1,1,0,True,False,False,False,True,False,False,False,False,False,False,False,False,False,False,False,False,False,False,True,False,False,True,False,True,False,False,False,False,False,True,False,False,True,True,False,False,True,False,False,False,0.42993122483919716,0,-1
36,6887,4,3,29,1,1,2,1,False,False,False,False,False,True,False,False,False,False,False,False,False,True,False,False,False,False,False,False,False,True,False,False,False,True,False,False,False,True,False,False,True,False,True,False,False,True,False,True,False,0.5466478503782031,0,-1
15,2708,2,3,27,2,1,1,0,False,False,True,False,True,False,False,False,False,True,False,False,False,False,False,False,False,False,False,False,True,False,False,False,False,True,False,False,False,True,False,False,False,False,True,False,True,False,False,False,False,0.27058037936479373,1,-1
18,1984,4,4,47,2,1,1,0,False,False,True,False,True,False,False,False,False,True,False,False,False,False,False,False,False,False,False,False,False,True,False,False,False,True,False,False,False,False,False,True,False,False,False,True,False,True,False,False,False,0.20670286402315588,2,-1
60,10144,2,4,21,1,1,1,0,False,False,True,False,True,False,False,False,False,False,True,False,False,False,False,False,True,False,False,False,False,False,True,False,True,False,False,False,False,False,False,False,False,True,True,False,False,True,False,True,False,0.19384922944212044,0,-1
12,1240,4,2,38,2,1,1,0,False,False,True,False,False,False,True,False,False,False,True,False,False,False,False,False,False,False,False,True,False,False,False,True,True,False,False,False,False,False,False,False,False,True,True,False,False,True,False,True,False,0.09991918914977224,2,-1
27,8613,2,2,27,2,1,1,0,False,False,True,False,False,True,False,True,False,False,False,False,False,False,False,False,False,False,True,False,False,True,False,False,False,True,False,False,False,False,True,False,False,True,True,False,False,True,False,False,False,0.17702288778333228,0,-1
12,766,4,3,66,1,1,2,1,True,False,False,False,True,False,False,False,False,False,True,False,False,False,False,False,False,True,False,False,False,True,False,False,False,True,False,False,False,False,False,False,False,True,True,False,True,False,False,False,False,0.3768734062476983,1,-1
15,2728,4,2,35,3,1,1,0,True,False,False,False,False,False,True,False,False,False,True,False,False,False,False,False,False,False,False,True,False,False,True,False,False,True,False,False,True,False,False,False,False,False,True,False,False,True,False,True,False,0.2529456532548237,2,-1
12,1881,2,2,44,1,1,1,0,False,True,False,False,True,False,False,False,False,False,True,False,False,False,False,False,False,False,False,False,False,True,False,False,True,False,False,False,False,False,True,False,False,True,False,False,True,False,False,True,False,0.28972597370267045,1,-1
6,709,2,2,27,1,1,1,0,False,True,False,False,True,False,False,False,False,False,False,False,False,False,False,False,False,False,True,False,True,False,False,False,False,False,True,False,False,False,False,False,False,True,True,False,False,False,False,False,True,0.13764409454280715,1,-1
36,4795,4,1,30,1,1,1,0,True,False,False,False,True,False,False,False,False,False,True,False,False,False,False,False,False,False,False,False,True,False,False,False,True,False,False,False,False,False,False,True,False,True,True,False,False,False,True,True,False,0.47073305813144856,1,-1
27,3416,3,2,27,1,1,1,0,False,False,False,False,True,False,False,False,False,False,True,False,False,False,False,False,False,False,False,False,False,True,False,False,False,True,False,False,False,False,True,False,False,True,True,False,False,False,True,False,False,0.5128216833058293,1,-1
18,2462,2,2,22,1,1,2,1,False,False,False,False,True,False,False,False,False,True,False,False,False,False,False,False,False,False,False,False,False,True,False,False,False,True,False,False,False,False,True,False,False,True,True,False,False,True,False,False,False,0.3694023086515268,1,-1
21,2288,4,4,23,1,1,1,0,False,False,True,False,False,False,True,False,False,True,False,False,False,False,False,False,False,False,False,False,True,False,False,False,True,False,False,False,False,True,False,False,False,True,True,False,False,True,False,True,False,0.137668567920775,2,-1
48,3566,4,2,30,1,1,1,0,True,False,False,True,False,False,False,False,False,False,False,False,False,False,False,True,True,False,False,False,False,False,True,False,False,True,False,False,False,False,True,False,False,True,True,False,False,True,False,False,False,0.40947348915792053,3,-1
6,860,1,4,39,2,1,1,0,False,False,False,False,False,False,True,False,False,False,False,False,False,False,False,False,False,False,False,False,False,False,False,True,True,False,False,False,False,False,False,True,False,True,True,False,False,True,False,True,False,0.13695506015047468,2,-1
12,682,4,3,51,2,1,1,0,False,False,True,False,False,False,True,False,False,False,False,False,False,False,False,False,True,False,False,False,False,False,True,False,True,False,False,False,False,False,True,False,False,True,True,False,False,True,False,True,False,0.0709218821852193,2,-1
36,5371,3,2,28,2,1,1,0,False,False,False,False,False,False,True,False,False,True,False,False,False,False,False,False,False,False,False,False,False,True,False,False,False,True,False,False,True,True,False,False,False,True,True,False,False,True,False,False,False,0.5179646734001884,2,-1
18,1582,4,4,46,2,1,1,0,False,False,True,False,False,False,True,False,False,False,True,False,False,False,False,False,False,False,True,False,False,False,False,True,False,True,False,False,False,False,True,False,False,True,True,False,False,True,False,False,False,0.11884453236547754,2,-1
6,1346,2,4,42,1,2,1,0,False,False,True,False,True,False,False,False,False,False,True,False,False,False,False,False,True,False,False,False,False,False,False,True,False,True,False,False,False,False,False,True,False,False,False,True,False,True,False,True,False,0.14126648006976977,1,-1
10,1924,1,4,38,1,1,1,0,False,False,True,False,True,False,False,False,False,False,True,False,False,False,False,False,False,False,False,False,False,True,False,False,False,True,False,False,False,True,False,False,False,True,True,False,False,True,False,True,True,0.07823217768244554,1,-1
36,5848,4,1,24,1,1,1,0,False,True,False,False,True,False,False,False,False,False,True,False,False,False,False,False,False,False,False,False,False,True,False,False,False,True,False,False,False,False,True,False,False,True,True,False,False,True,False,False,False,0.5361738714490977,0,-1
24,7758,2,4,29,1,1,1,0,True,False,False,False,False,False,True,True,False,False,False,False,False,False,False,False,False,False,True,False,False,False,False,True,True,False,False,False,False,False,False,True,False,True,False,False,False,True,False,False,False,0.14239925791714741,0,-1
24,6967,4,4,36,1,1,1,0,True,False,False,False,False,True,False,False,False,False,False,False,False,False,False,True,True,False,False,False,False,False,True,False,False,True,False,False,False,False,True,False,False,True,False,False,False,False,True,True,False,0.49452246810530814,0,-1
12,1282,2,4,20,1,1,2,1,False,False,False,False,True,False,False,False,False,True,False,False,False,False,False,False,False,False,False,False,False,True,False,False,True,False,False,False,False,False,True,False,False,True,False,False,False,True,False,False,False,0.5,1,-1
9,1288,3,4,48,2,2,1,0,False,False,False,False,False,False,True,False,False,False,False,False,True,False,False,False,True,False,False,False,False,False,False,True,False,True,False,False,True,False,False,False,False,True,True,False,False,True,False,False,True,0.13761673913381933,2,-1
12,339,4,1,45,1,1,1,0,False,False,False,True,False,False,False,False,False,False,False,False,False,False,True,False,False,False,False,False,False,False,False,True,False,False,True,False,False,False,True,False,False,False,True,False,True,False,False,False,False,0.4650544035926223,3,-1
24,3512,2,3,38,2,1,1,0,True,False,False,False,True,False,False,False,False,False,False,False,False,False,False,False,True,False,False,False,False,False,True,False,False,True,False,False,False,False,True,False,False,False,True,False,False,True,False,True,False,0.3995993465248191,1,-1
6,1898,1,2,34,2,2,1,0,False,False,True,False,False,False,True,False,False,False,True,False,False,False,False,False,False,False,False,True,False,True,False,False,False,True,False,False,False,False,False,False,False,True,True,False,True,False,False,False,False,0.07548249322301225,2,-1
24,2872,3,4,36,1,2,1,0,False,False,True,False,False,False,True,False,False,False,True,False,False,False,False,False,True,False,False,False,False,False,False,True,False,True,False,False,False,False,False,False,False,True,True,False,False,True,False,True,False,0.1548559817819422,2,-1
18,1055,4,1,30,2,1,1,0,False,False,True,False,False,False,True,False,False,False,False,False,False,False,False,False,False,False,False,False,True,False,False,False,True,False,False,False,False,True,False,False,False,True,True,False,False,True,False,False,False,0.13768689143066057,2,-1
15,1262,4,3,36,2,1,1,0,False,False,True,False,True,False,False,False,False,False,False,True,False,False,False,False,False,True,False,False,False,False,True,False,False,True,False,False,False,True,False,False,False,True,True,False,False,True,False,True,False,0.11680530220226684,1,-1
10,7308,2,4,70,1,1,1,0,True,False,False,False,True,False,False,False,False,False,False,False,False,False,False,False,False,False,False,False,False,False,False,False,False,True,False,False,False,False,False,True,False,False,False,True,False,False,True,True,False,0.4476860825274189,0,-1
36,909,4,4,36,1,1,1,0,False,False,True,False,True,False,False,False,False,False,False,False,False,False,False,False,False,True,False,False,False,False,False,True,False,True,False,False,False,True,False,False,False,True,True,False,False,True,False,False,False,0.14072367936292873,1,-1
6,2978,1,2,32,1,1,1,0,False,False,True,False,True,False,False,False,False,True,False,False,False,False,False,False,False,True,False,False,False,True,False,False,False,True,False,False,False,False,True,False,False,True,True,False,False,True,False,True,False,0.07040388124629451,1,-1
18,1131,4,2,33,1,1,2,1,False,False,False,False,True,False,False,False,False,True,False,False,False,False,False,False,False,False,False,False,False,False,False,False,True,False,False,False,False,False,True,False,False,True,True,False,False,True,False,False,False,0.5568780712200326,1,-1
11,1577,4,1,20,1,1,1,0,True,False,False,False,True,False,False,False,False,True,False,False,False,False,False,False,False,False,True,False,True,False,False,False,True,False,False,False,False,False,False,False,False,True,True,False,False,True,False,False,False,0.1573494914442372,1,-1
24,3972,2,4,25,1,1,1,0,False,False,True,False,True,False,False,False,False,True,False,False,False,False,False,False,False,False,False,False,False,False,True,False,True,False,False,False,False,True,False,False,False,True,False,False,False,True,False,True,False,0.13028465556752197,1,-1
24,1935,4,4,31,2,1,2,1,True,False,False,False,False,False,True,False,False,False,False,False,False,False,False,True,False,False,False,False,False,False,False,True,False,False,False,False,False,False,False,False,False,True,True,False,False,True,False,True,False,0.273850005146003,2,-1
15,950,4,3,33,2,2,2,1,False,False,False,False,False,False,False,False,False,False,False,False,False,False,False,False,False,False,False,False,False,False,False,True,False,True,False,False,False,False,True,False,False,True,False,False,False,True,False,False,False,0.5407147571208452,1,-1
12,763,4,1,26,1,1,1,0,False,False,True,False,True,False,False,False,False,True,False,False,False,False,False,False,False,False,False,False,False,True,False,False,True,False,False,False,False,False,False,False,False,True,True,False,False,True,False,True,False,0.14582261876839817,1,-1
24,2064,3,2,34,1,1,2,1,True,False,False,False,False,True,False,False,False,True,False,False,False,False,False,False,False,False,False,False,False,False,False,False,True,False,False,False,False,True,False,False,False,True,True,False,False,False,True,True,False,0.5,1,-1
8,1414,4,2,33,1,1,1,0,True,False,False,False,True,False,False,False,False,False,True,False,False,False,False,False,False,False,False,False,False,True,False,False,False,True,False,False,True,False,False,False,False,True,True,False,False,True,False,False,True,0.43139966353224346,1,-1
21,3414,2,1,26,2,1,2,1,False,False,False,False,False,True,False,False,False,False,False,False,False,True,False,False,False,False,False,False,True,False,False,False,False,True,False,False,False,True,False,False,False,True,True,False,False,True,False,False,False,0.5406985459145042,1,-1
30,7485,4,1,53,1,1,2,1,False,False,True,True,False,False,False,True,False,False,False,False,False,False,False,False,False,False,False,True,False,False,False,False,True,False,False,False,False,False,False,False,False,False,True,False,False,False,True,True,False,0.5406582872649249,3,-1
12,2577,2,1,42,1,1,1,0,False,False,False,False,True,False,False,False,False,True,False,False,False,False,False,False,False,False,False,False,False,True,False,False,False,False,False,False,False,False,True,False,False,True,True,False,False,True,False,False,False,0.18958931354901823,1,-1
6,338,4,4,52,2,1,1,0,False,False,False,False,False,False,True,False,False,False,True,False,False,False,False,False,False,True,False,False,False,False,False,True,False,True,False,False,False,False,True,False,False,True,True,False,False,True,False,False,False,0.09833559849595633,2,-1
12,1963,4,2,31,2,2,1,0,False,False,True,False,True,False,False,False,False,False,True,False,False,False,False,False,False,False,False,False,False,False,True,False,False,True,False,False,False,False,True,False,False,True,False,False,False,False,True,True,False,0.20461937257451193,1,-1
21,571,4,4,65,2,1,1,0,False,False,False,False,False,False,True,False,False,False,False,False,False,False,False,False,False,False,False,False,False,False,False,True,False,True,False,False,False,False,False,False,False,True,True,False,False,True,False,False,False,0.13050449447159596,2,-1
36,9572,1,1,28,2,1,2,1,False,False,True,False,False,True,False,False,False,False,False,False,False,False,False,True,False,False,False,False,True,False,False,False,False,False,False,False,False,False,True,False,False,True,True,False,False,True,False,False,False,0.5407946140421035,0,-1
36,4455,2,2,30,2,1,2,1,True,False,False,False,False,True,False,False,False,False,False,False,False,False,False,True,False,False,False,False,False,True,False,False,False,False,False,False,False,False,False,False,True,False,True,False,False,False,True,True,False,0.5408053494183481,0,-1
21,1647,4,2,40,2,2,2,1,False,False,False,True,False,False,False,False,False,False,False,False,False,False,False,False,False,False,False,True,False,True,False,False,False,True,False,False,False,True,False,False,False,True,True,False,True,False,False,False,False,0.4538204646692474,3,-1
24,3777,4,4,50,1,1,1,0,False,False,True,False,False,False,True,False,False,True,False,False,False,False,False,False,False,False,True,False,False,True,False,False,False,True,False,False,False,False,False,False,False,True,True,False,False,True,False,True,False,0.09645230107341425,2,-1
18,884,4,4,36,1,2,2,1,True,False,False,False,False,False,True,False,False,False,False,False,False,False,False,False,False,False,False,False,False,False,False,True,False,True,False,False,False,False,True,False,False,False,True,False,False,True,False,True,False,0.49409941500725196,2,-1
15,1360,4,2,31,2,1,1,0,False,False,True,False,False,False,True,False,False,False,True,False,False,False,False,False,False,False,False,False,False,True,False,False,False,True,False,False,False,True,False,False,False,True,True,False,False,True,False,False,False,0.12464286426231835,2,0
9,5129,2,4,74,1,2,2,1,True,False,False,True,False,False,False,True,False,False,False,False,False,False,False,False,False,False,False,False,False,False,False,True,True,False,False,False,False,False,False,True,False,False,False,True,False,False,True,True,False,0.5406187724458504,3,-1
16,1175,2,3,68,3,1,1,0,True,False,False,False,False,False,True,False,False,False,False,False,False,False,False,False,False,False,False,False,False,False,False,False,False,True,False,False,False,False,True,False,False,True,False,True,False,False,False,True,False,0.27088228555653643,2,-1
12,674,4,1,20,1,1,2,1,False,False,False,False,True,False,False,False,False,False,True,False,False,False,False,False,True,False,False,False,False,False,True,False,False,False,True,False,False,True,False,False,False,True,True,False,False,True,False,False,False,0.5119178016151464,1,-1
18,3244,1,4,33,2,1,1,0,True,False,False,False,False,False,False,False,False,True,False,False,False,False,False,False,False,False,False,False,False,True,False,False,True,False,False,False,False,False,True,False,False,False,True,False,False,True,False,True,False,0.3277651786255396,1,-1
24,4591,2,3,54,3,1,2,1,False,False,True,False,True,False,False,False,False,False,False,False,False,False,False,True,False,False,True,False,False,True,False,False,False,True,False,False,False,True,False,False,False,True,True,False,False,False,True,True,False,0.28708079085184,2,-1
48,3844,4,4,34,1,2,2,1,True,False,False,False,False,False,False,False,False,False,False,False,False,False,False,True,True,False,False,False,False,False,True,False,False,True,False,False,False,False,False,True,False,True,False,True,True,False,False,False,False,0.540694209345061,0,-1
27,3915,4,2,36,1,2,2,1,True,False,False,False,True,False,False,False,False,False,False,False,False,False,False,True,False,False,False,False,False,True,False,False,False,True,False,False,False,False,True,False,False,True,True,False,False,True,False,True,False,0.6004500592584759,1,-1
6,2108,2,2,29,1,1,1,0,False,False,True,False,True,False,False,False,False,False,True,False,False,False,False,False,False,False,False,False,False,False,True,False,False,False,True,False,False,False,False,False,False,True,False,False,False,True,False,False,False,0.10514032726802638,1,-1
45,3031,4,4,21,1,1,2,1,True,False,False,False,True,False,False,False,False,False,True,False,False,False,False,False,True,False,False,False,False,True,False,False,False,True,False,False,True,True,False,False,False,True,False,False,False,True,False,False,False,0.5399919762112279,0,-1
9,1501,2,3,34,2,1,2,1,True,False,False,False,False,False,True,False,False,False,False,False,False,True,False,False,False,False,False,False,False,False,False,True,True,False,False,False,False,False,True,False,False,True,True,False,False,False,True,True,False,0.16380712332584801,2,-1
6,1382,1,1,28,2,1,1,0,False,False,True,False,False,False,True,False,False,False,True,False,False,False,False,False,False,False,False,False,False,True,False,False,True,False,False,False,False,False,True,False,False,True,True,False,False,True,False,True,False,0.11930729152311777,2,-1
12,951,4,4,27,4,1,2,1,True,False,False,False,True,False,False,False,False,True,False,False,False,False,False,False,True,False,False,False,True,False,False,False,True,False,False,False,False,False,True,False,False,False,False,False,False,True,False,False,False,0.5406542205188302,2,-1
24,2760,4,4,36,1,1,1,0,True,False,False,False,True,False,False,True,False,False,False,False,False,False,False,False,False,False,False,True,False,False,False,True,False,True,False,False,False,False,False,True,False,False,False,True,False,True,False,True,False,0.507568116525459,1,-1
18,4297,4,3,40,1,1,2,1,True,False,False,False,False,True,False,False,False,True,False,False,False,False,False,False,False,False,False,False,False,False,False,True,False,False,False,False,False,False,False,True,False,True,True,False,False,False,True,True,False,0.4690698967377519,1,-1
9,936,4,2,52,2,1,1,0,False,False,True,False,False,False,True,False,False,False,False,False,False,True,False,False,False,True,False,False,False,False,False,True,False,True,False,False,False,False,True,False,False,True,True,False,False,True,False,True,False,0.08250455603792711,2,-1
12,1168,4,3,27,1,1,1,0,False,False,False,False,True,False,False,False,False,False,False,False,False,False,False,False,False,False,False,False,False,True,False,False,False,False,True,False,False,False,False,False,False,True,True,False,True,False,False,False,False,0.4853596210621365,1,1
27,5117,3,4,26,2,1,1,0,False,False,True,False,False,True,False,False,False,False,False,False,False,False,False,True,False,False,False,False,False,False,True,False,False,True,False,False,False,False,True,False,False,True,True,False,False,True,False,False,False,0.1532211968013298,0,-1
12,902,4,4,21,1,1,2,1,False,False,False,False,True,False,False,False,False,False,False,False,False,False,True,False,False,False,False,False,False,False,True,False,False,False,True,False,False,True,False,False,False,True,False,False,False,True,False,False,False,0.5173830842389434,1,-1
12,1495,4,1,38,2,2,1,0,False,False,True,False,False,False,True,False,False,False,False,False,False,False,False,False,False,False,False,False,False,False,False,True,False,True,False,False,False,False,False,False,False,True,True,False,True,False,False,False,False,0.14193863141560803,2,-1
30,10623,3,4,38,3,2,1,0,False,False,False,False,False,False,True,True,False,False,False,False,False,False,False,False,False,False,False,False,False,False,False,True,False,True,False,False,False,False,False,True,False,True,False,True,False,False,True,True,False,0.33744553142762396,0,-1
12,1935,4,4,43,3,1,1,0,False,False,True,False,False,False,True,False,False,True,False,False,False,False,False,False,False,False,False,False,False,False,False,True,False,True,False,False,False,False,False,False,False,True,True,False,False,True,False,True,False,0.08831287344157288,2,-1
12,1424,4,3,26,1,1,1,0,True,False,False,False,False,False,True,False,False,False,False,True,False,False,False,False,False,False,False,False,False,False,True,False,False,True,False,False,False,True,False,False,False,True,True,False,False,True,False,False,False,0.3162122621805567,2,-1
24,6568,2,2,21,1,1,1,0,False,False,False,False,True,False,False,False,False,False,False,False,False,False,False,True,False,False,False,False,False,True,False,False,False,False,True,False,False,False,True,False,True,False,True,False,True,False,False,False,False,0.3939247050752228,1,-1
12,1413,3,2,55,1,1,1,0,False,False,True,False,True,False,False,True,False,False,False,False,False,False,False,False,False,False,True,False,False,False,True,False,False,True,False,False,False,True,False,False,False,True,True,False,False,True,False,False,True,0.13117894281068843,1,-1
9,3074,1,2,33,2,2,1,0,False,False,True,False,False,False,True,False,False,False,True,False,False,False,False,False,False,False,False,True,False,True,False,False,False,True,False,False,False,False,False,False,False,True,True,False,False,True,False,False,False,0.07687169766227266,2,-1
36,3835,2,4,45,1,1,1,0,False,False,True,False,True,False,False,False,False,False,True,False,False,False,False,False,False,False,False,True,False,False,False,True,True,False,False,False,False,False,False,False,False,True,True,False,True,False,False,True,False,0.10567336317274136,0,-1
27,5293,2,4,50,2,1,2,1,False,False,False,False,False,False,False,False,False,False,False,False,False,False,False,True,False,False,False,False,False,False,False,False,False,True,False,False,False,True,False,False,True,False,True,False,False,True,False,True,False,0.42502810281404774,0,-1
30,1908,4,4,66,1,1,2,1,False,True,False,False,False,True,False,False,False,False,False,False,False,False,False,True,False,False,False,False,False,False,False,True,False,True,False,False,False,False,False,False,False,True,True,False,False,False,True,True,False,0.5333237984073932,1,-1
36,3342,4,2,51,1,1,1,0,False,False,True,False,False,False,True,False,False,False,True,False,False,False,False,False,False,False,False,True,False,False,False,True,False,True,False,False,False,False,True,False,False,True,True,False,False,True,False,True,False,0.12185257344244342,2,-1
6,932,1,3,39,2,1,1,0,True,False,False,False,False,False,True,False,False,False,False,False,False,False,True,False,False,False,False,True,False,False,True,False,True,False,False,False,False,True,False,False,False,True,True,False,True,False,False,False,False,0.13696540466233148,2,-1
18,3104,3,1,31,1,1,1,0,False,False,False,False,False,False,False,False,False,False,False,False,False,False,False,True,False,False,False,False,False,False,True,False,False,True,False,False,False,True,False,False,False,False,True,False,False,True,False,True,False,0.3764779010819924,1,-1
36,3913,2,2,23,1,1,1,0,False,True,False,False,True,False,False,False,False,False,True,False,False,False,False,False,False,False,False,False,False,True,False,False,False,True,False,False,False,False,False,False,False,True,True,False,False,True,False,True,False,0.5,1,-1
24,3021,2,2,24,1,1,1,0,False,False,False,False,True,False,False,False,False,True,False,False,False,False,False,False,False,False,False,False,False,True,False,False,False,False,False,False,False,False,False,False,False,True,False,False,True,False,False,False,False,0.4023961244737533,1,-1
10,1364,2,4,64,1,1,1,0,False,False,True,False,True,False,False,False,False,False,False,False,False,False,False,False,False,False,False,False,False,True,False,False,True,False,False,False,False,False,True,False,False,True,True,False,False,True,False,True,False,0.09540880300382058,1,-1
12,625,4,1,26,1,1,1,0,True,False,False,False,True,False,False,False,False,False,True,False,False,False,False,False,False,False,False,False,True,False,False,False,False,False,True,False,True,False,False,False,False,False,True,False,True,False,False,False,False,0.42876685513466745,1,-1
12,1200,4,4,23,1,1,1,0,False,False,False,False,True,False,False,False,False,False,False,False,False,True,False,False,False,False,False,True,False,True,False,False,True,False,False,False,False,True,False,False,False,False,False,False,False,True,False,True,False,0.5,1,-1
12,707,4,2,30,2,1,1,0,False,False,True,False,True,False,False,False,False,False,True,False,False,False,False,False,False,False,False,False,False,True,False,False,False,True,False,False,False,False,False,False,False,False,True,False,False,True,False,False,False,0.13766405103803636,1,-1
24,2978,4,4,32,2,2,1,0,False,False,True,False,False,True,False,False,False,False,False,False,False,False,False,True,False,False,False,True,False,True,False,False,False,True,False,False,False,False,False,False,False,True,True,False,False,True,False,True,False,0.19179851357549094,2,-1
15,4657,3,2,30,1,1,1,0,False,False,True,False,True,False,False,True,False,False,False,False,False,False,False,False,False,False,False,False,False,True,False,False,False,True,False,False,False,False,True,False,False,True,True,False,False,True,False,True,False,0.09861441790380232,1,-1
36,2613,4,2,27,2,1,1,0,False,False,True,False,False,False,False,False,False,False,False,False,True,False,False,False,False,False,False,False,False,True,False,False,False,True,False,False,False,False,True,False,False,True,True,False,False,True,False,False,False,0.18293589352803977,1,-1
48,10961,1,2,27,2,1,2,1,True,False,False,False,True,False,False,False,False,False,True,False,False,False,False,False,False,False,True,False,False,False,True,False,False,True,False,True,False,False,False,True,False,False,True,False,False,True,False,True,False,0.5407780051779257,0,-1
12,7865,4,4,53,1,1,2,1,False,False,False,False,True,False,False,False,False,True,False,False,False,False,False,False,False,False,False,False,False,False,False,True,False,True,False,False,False,False,False,True,False,True,False,True,False,False,True,True,False,0.5330170559419167,0,-1
9,1478,4,2,22,1,1,2,1,False,False,True,False,True,False,False,False,False,False,True,False,False,False,False,False,False,False,False,False,False,False,True,False,False,True,False,False,False,False,True,False,False,True,True,False,False,True,False,False,False,0.15316053593867573,1,-1
24,3149,4,1,22,1,1,1,0,False,False,False,False,True,False,False,False,False,True,False,False,False,False,False,False,False,False,False,False,True,False,False,False,False,True,False,False,False,False,False,True,False,False,False,True,False,True,False,False,False,0.5072625628301866,1,-1
36,4210,4,2,26,1,1,2,1,False,True,False,False,True,False,False,False,False,False,True,False,False,False,False,False,False,False,False,False,False,True,False,False,False,True,False,False,False,False,True,False,False,True,True,False,False,True,False,False,False,0.5919475068899794,1,-1
9,2507,2,4,51,1,1,1,0,False,False,True,False,True,False,False,False,False,False,False,False,False,False,False,False,False,True,False,False,False,False,False,True,False,True,False,False,False,False,False,True,False,True,False,True,True,False,False,False,False,0.109670486680202,1,-1
12,2141,3,1,35,1,1,1,0,False,False,True,False,True,False,False,False,False,False,True,False,False,False,False,False,True,False,False,False,False,False,True,False,False,True,False,False,False,False,False,True,False,True,True,False,False,True,False,False,False,0.09160847751944139,1,-1
18,866,4,2,25,1,1,1,0,True,False,False,False,True,False,False,False,False,False,True,False,False,False,False,False,False,False,False,False,False,True,False,False,False,False,True,False,True,False,False,False,False,True,True,False,True,False,False,False,False,0.5827697078955054,1,-1
4,1544,2,1,42,3,2,1,0,False,False,True,False,False,False,True,False,False,False,True,False,False,False,False,False,False,False,False,False,False,False,True,False,False,True,False,False,False,False,False,False,False,True,True,False,True,False,False,False,False,0.10128314096203235,2,-1
24,1823,4,2,30,1,2,2,1,False,False,False,False,True,False,False,False,False,False,True,False,False,False,False,False,False,False,False,False,False,False,False,False,False,True,False,False,False,False,True,False,True,False,True,False,False,False,True,False,False,0.6431586652038558,1,-1
6,14555,1,2,23,1,1,2,1,True,False,False,False,True,False,False,False,False,False,False,False,False,False,False,False,False,False,False,True,False,False,False,False,False,True,False,False,False,True,False,False,False,True,True,False,False,False,False,True,False,0.47332591241353994,0,-1
21,2767,4,2,61,2,1,2,1,True,False,False,False,True,False,False,False,False,False,False,False,False,False,False,True,True,False,False,False,False,False,False,True,False,False,False,False,False,False,True,False,False,False,False,False,True,False,False,False,False,0.5406323122353504,1,-1
12,1291,4,2,35,2,1,1,0,False,False,True,False,False,False,True,False,False,False,True,False,False,False,False,False,False,False,False,False,False,True,False,False,True,False,False,False,False,True,False,False,False,True,True,False,False,True,False,False,False,0.10790789627399906,2,0
30,2522,1,3,39,1,2,1,0,False,False,False,False,True,False,False,False,False,False,True,False,False,False,False,False,False,False,False,False,False,False,False,True,False,True,False,False,True,True,False,False,False,True,True,False,False,True,False,False,False,0.3719769451545958,1,-1
24,915,4,2,29,1,1,2,1,False,False,False,False,True,False,False,False,False,False,False,False,False,False,False,False,False,False,False,True,False,False,False,True,True,False,False,False,False,False,True,False,False,False,True,False,False,True,False,False,False,0.6179504919460903,1,-1
6,1595,3,2,51,1,2,1,0,False,False,True,False,True,False,False,False,False,False,True,False,False,False,False,False,False,False,False,False,False,False,True,False,False,True,False,False,False,True,False,False,False,True,True,False,False,True,False,False,False,0.1579786973329746,1,-1
48,4605,3,4,24,2,2,2,1,False,False,False,False,False,False,False,True,False,False,False,False,False,False,False,False,False,False,False,False,False,False,False,True,False,True,False,False,False,False,False,True,False,True,False,True,False,True,False,False,False,0.5955009775167663,0,-1
12,1185,3,2,27,2,1,1,0,False,False,True,False,False,False,True,False,False,False,False,False,False,False,False,True,False,False,False,False,False,True,False,False,True,False,False,False,False,False,False,False,False,True,True,False,False,True,False,False,False,0.1230265466115414,2,-1
12,3447,4,3,35,1,2,1,0,False,False,True,True,False,False,False,False,False,False,False,False,False,False,True,False,False,True,False,False,False,True,False,False,True,False,False,False,False,False,False,False,False,True,True,False,True,False,False,False,False,0.2691755530892021,3,-1
24,1258,4,1,25,1,1,1,0,False,False,True,False,True,False,False,False,False,False,False,False,False,False,False,True,False,False,False,False,False,False,True,False,False,True,False,False,False,False,False,False,False,True,True,False,False,True,False,True,False,0.15542852126378828,1,-1
12,717,4,4,52,3,1,1,0,False,False,True,False,False,False,True,False,False,False,True,False,False,False,False,False,False,False,False,False,False,False,False,True,False,True,False,False,False,False,False,False,False,True,True,False,False,True,False,False,False,0.0845554423751684,2,-1
6,1204,4,1,35,1,1,1,0,False,False,True,False,False,False,False,False,False,False,False,False,False,False,False,False,True,False,False,False,False,True,False,False,False,True,False,False,False,False,False,True,False,False,False,False,False,True,False,False,True,0.13758946884234727,1,-1
24,1925,2,2,26,1,1,1,0,False,True,False,False,True,False,False,False,False,True,False,False,False,False,False,False,False,False,False,False,False,True,False,False,False,True,False,False,False,False,False,False,False,True,True,False,False,True,False,False,False,0.4302567541208385,1,-1
18,433,3,4,22,1,1,2,1,False,False,True,False,True,False,False,False,False,False,True,False,False,False,False,False,False,False,False,False,False,False,False,False,True,False,False,True,False,False,False,False,False,True,False,False,False,True,False,False,False,0.18758756654109546,1,-1
6,666,3,4,39,2,1,1,0,False,False,False,False,False,False,True,False,False,False,False,False,False,False,False,False,False,False,True,False,False,False,True,False,True,False,False,False,False,False,False,False,False,True,True,False,True,False,False,True,False,0.1376655724174025,2,-1
12,2251,1,2,46,1,1,1,0,False,True,False,False,True,False,False,False,False,True,False,False,False,False,False,False,False,False,False,False,False,True,False,False,True,False,False,False,False,False,True,False,False,True,True,False,True,False,False,False,False,0.13762069945909502,1,-1
30,2150,4,2,24,1,1,2,1,True,False,False,False,True,False,False,False,False,False,False,False,False,False,False,False,False,False,False,False,False,True,False,False,True,False,False,False,True,False,False,True,False,False,True,False,False,True,False,False,False,0.6141569388884847,1,-1
24,4151,2,3,35,2,1,1,0,False,False,True,False,False,True,False,False,False,True,False,False,False,False,False,False,True,False,False,False,False,True,False,False,False,True,False,False,False,True,False,False,False,True,True,False,False,True,False,False,False,0.14483755451152724,1,-1
9,2030,2,1,24,1,1,1,0,True,False,False,False,True,False,False,False,False,True,False,False,False,False,False,False,False,False,False,True,False,False,True,False,False,True,False,False,False,False,True,False,False,True,True,False,False,True,False,True,False,0.22390159076256616,1,-1
60,7418,1,1,27,1,1,1,0,True,False,False,False,False,True,False,False,False,False,True,False,False,False,False,False,False,False,False,True,False,True,False,False,False,True,False,False,False,False,False,False,False,True,True,False,True,False,False,False,False,0.37263300017436524,0,-1
24,2684,4,2,35,2,1,1,0,False,False,True,False,False,False,True,False,False,False,True,False,False,False,False,False,False,False,False,False,False,True,False,False,False,True,False,False,False,False,False,False,False,True,True,False,True,False,False,False,False,0.11239800496651778,2,-1
12,2149,4,1,29,1,1,2,1,False,False,False,True,False,False,False,False,False,False,True,False,False,False,False,False,False,False,False,False,False,True,False,False,False,False,False,False,False,False,False,True,False,True,False,True,False,True,False,False,False,0.5216898724431602,3,-1
15,3812,1,4,23,1,1,1,0,False,False,True,False,True,False,False,True,False,False,False,False,False,False,False,False,True,False,False,False,True,False,False,False,True,False,False,False,False,False,True,False,False,True,True,False,False,True,False,True,False,0.20729505471359094,1,-1
11,1154,4,4,57,3,1,1,0,False,False,True,False,False,False,True,False,False,False,True,False,False,False,False,False,True,False,False,False,False,False,False,False,True,False,False,False,False,False,False,False,False,True,True,False,True,False,False,False,False,0.08064482954345215,2,-1
12,1657,2,2,27,1,1,1,0,False,False,False,False,True,False,False,False,False,True,False,False,False,False,False,False,False,False,False,False,False,True,False,False,False,True,False,False,False,False,False,False,False,True,True,False,False,True,False,False,False,0.27607549350363714,1,-1
24,1603,4,4,55,1,1,1,0,False,False,False,False,True,False,False,False,False,False,True,False,False,False,False,False,False,False,False,False,False,False,False,True,True,False,False,False,False,False,True,False,False,True,True,False,False,True,False,False,False,0.48357370318826126,1,-1
18,5302,2,4,36,3,1,1,0,False,False,False,False,False,False,True,False,False,False,False,False,False,False,False,False,False,False,False,False,False,False,False,True,False,True,False,False,False,False,False,True,False,True,False,True,False,False,True,True,False,0.35957949989825055,2,-1
12,2748,2,4,57,3,1,1,0,False,False,True,False,False,False,True,False,False,False,False,False,False,True,False,False,False,False,False,False,False,False,False,True,True,False,False,False,False,False,False,True,False,False,False,True,True,False,False,False,False,0.19228069639891088,2,-1
10,1231,3,4,32,2,2,1,0,False,False,True,False,False,False,True,False,False,False,False,False,False,False,False,False,False,False,False,False,False,False,False,True,False,True,False,False,False,False,False,False,False,True,True,False,True,False,False,False,True,0.1276754114736049,2,-1
15,802,4,3,37,1,2,2,1,True,False,False,False,True,False,False,False,False,False,True,False,False,False,False,False,False,False,False,False,False,False,False,True,False,True,False,False,False,False,True,False,False,True,True,False,False,True,False,False,False,0.6067723830768678,1,-1
36,6304,4,4,36,2,1,1,0,False,False,True,False,False,False,True,False,False,False,False,False,False,False,False,True,False,False,False,True,False,False,False,True,False,True,False,False,False,False,False,False,False,True,True,False,False,True,False,False,False,0.12316432579494083,2,-1
24,1533,4,3,38,1,1,1,0,False,False,True,False,True,False,False,False,False,False,True,False,False,False,False,False,False,False,False,False,True,False,False,False,True,False,False,False,False,False,True,False,True,False,True,False,False,True,False,True,False,0.15244184678956227,1,-1
14,8978,1,4,45,1,1,2,1,False,False,False,False,True,False,False,False,False,False,False,False,False,False,False,False,False,False,False,False,False,False,False,True,False,False,False,False,False,True,False,False,False,True,True,False,False,False,True,True,True,0.38862089789768217,0,-1
24,999,4,2,25,2,1,1,0,False,False,True,False,True,False,False,False,False,False,True,False,False,False,False,False,False,False,False,True,False,False,False,True,False,True,False,False,False,False,True,False,False,True,True,False,False,True,False,False,False,0.16575643515445027,1,-1
18,2662,4,3,32,1,1,1,0,False,False,True,False,True,False,False,False,False,False,False,False,False,False,False,False,False,False,False,True,False,False,True,False,False,True,False,False,False,True,False,False,False,True,True,False,False,True,False,False,True,0.11719746802814016,1,-1
12,1402,3,4,37,1,1,1,0,False,False,True,False,False,False,True,False,False,True,False,False,False,False,False,False,False,True,False,False,False,False,True,False,True,False,False,False,False,False,True,False,False,True,False,False,False,True,False,True,False,0.10404291346021763,2,-1
48,12169,4,4,36,1,1,1,0,True,False,False,True,False,False,False,False,False,False,False,False,False,False,False,False,False,False,False,True,False,False,False,False,False,True,False,True,False,False,False,True,False,True,False,True,False,False,True,True,False,0.39724607771226056,3,-1
48,3060,4,4,28,2,1,2,1,True,False,False,False,True,False,False,False,False,False,True,False,False,False,False,False,False,False,False,False,False,False,True,False,False,True,False,False,False,False,False,False,False,True,True,False,False,True,False,False,False,0.5273397615822648,0,-1
30,11998,1,1,34,1,1,2,1,False,False,False,False,True,False,False,False,False,False,False,False,True,False,False,False,False,False,False,False,True,False,False,False,False,False,False,False,False,False,False,True,False,True,True,False,True,False,False,True,False,0.5407555012451684,0,-1
9,2697,1,2,32,1,2,1,0,False,False,True,False,True,False,False,False,False,False,True,False,False,False,False,False,False,False,False,False,False,True,False,False,False,True,False,False,False,False,False,False,False,True,True,False,False,True,False,False,False,0.0871754978167766,1,-1
18,2404,2,2,26,2,1,1,0,False,False,True,False,False,False,True,False,False,False,True,False,False,False,False,False,False,False,False,False,False,True,False,False,True,False,False,False,False,False,True,False,False,True,True,False,False,True,False,False,False,0.1300507208650978,2,-1
12,1262,2,4,49,1,1,1,0,False,False,False,False,True,False,False,False,False,True,False,False,False,False,False,False,False,False,False,True,False,False,False,True,False,False,False,False,False,True,False,False,False,True,True,False,True,False,False,True,False,0.1801497779261481,1,-1
6,4611,1,4,32,1,1,2,1,False,False,True,False,True,False,False,False,False,True,False,False,False,False,False,False,False,False,False,False,True,False,False,False,True,False,False,False,False,True,False,False,False,True,True,False,False,True,False,False,False,0.16874377329192844,1,-1
24,1901,4,4,29,1,1,1,0,False,False,True,False,True,False,False,False,False,False,True,False,False,False,False,False,True,False,False,False,False,True,False,False,False,True,False,False,False,False,True,False,False,True,False,False,False,False,True,True,False,0.1579547252216015,1,-1
15,3368,3,4,23,2,1,1,0,False,False,True,False,False,False,True,True,False,False,False,False,False,False,False,False,False,False,True,False,False,False,False,True,False,True,False,False,False,False,False,True,False,True,False,False,False,True,False,True,False,0.1376278012202725,2,-1
12,1574,4,2,50,1,1,1,0,False,False,True,False,True,False,False,False,False,True,False,False,False,False,False,False,False,False,False,False,False,True,False,False,False,True,False,False,False,False,False,False,False,True,True,False,False,True,False,False,False,0.12716307768105536,1,-1
18,1445,4,4,49,1,1,1,0,False,True,False,True,False,False,False,False,False,False,True,False,False,False,False,False,False,False,False,True,False,False,True,False,False,True,False,False,False,False,True,False,False,False,True,False,True,False,False,False,False,0.5193715305815083,3,-1
15,1520,4,4,63,1,1,1,0,False,False,True,False,False,False,True,False,False,True,False,False,False,False,False,False,False,False,False,True,False,False,False,True,False,True,False,False,False,True,False,False,False,True,True,False,False,True,False,False,False,0.08242838494764226,2,-1
24,3878,4,2,37,1,1,1,0,True,False,False,False,False,False,True,False,False,False,False,False,False,False,False,False,True,False,False,False,True,False,False,False,False,False,False,False,False,False,True,False,False,True,True,False,False,True,False,True,False,0.3345862110364092,1,-1
47,10722,1,1,35,1,1,1,0,False,False,False,False,True,False,False,False,False,False,False,False,False,False,False,False,False,False,False,False,True,False,False,False,True,False,False,False,False,False,False,False,False,True,True,False,True,False,False,True,False,0.4902907904597888,0,-1
48,4788,4,3,26,1,2,1,0,False,False,False,False,True,False,False,True,False,False,False,False,False,False,False,False,False,False,False,False,False,False,True,False,False,True,False,False,False,True,False,False,False,True,True,False,False,True,False,False,False,0.5324632754921006,0,-1
48,7582,2,4,31,1,1,1,0,True,False,False,False,False,True,False,False,True,False,False,False,False,False,False,False,True,False,False,False,False,False,False,False,False,True,False,False,False,False,False,True,False,True,False,True,False,False,True,True,False,0.40290431230007145,0,-1
12,1092,4,4,49,2,1,1,0,True,False,False,False,True,False,False,False,False,False,True,False,False,False,False,False,False,False,False,False,False,True,False,False,True,False,False,False,True,False,False,False,False,True,True,False,False,True,False,True,False,0.2666857703082633,1,-1
24,1024,4,4,48,1,1,2,1,False,False,False,False,False,True,False,False,False,False,True,False,False,False,False,False,False,False,False,False,True,False,False,False,False,False,True,False,False,False,False,False,True,False,True,False,False,True,False,False,False,0.57297993732811,1,-1
12,1076,2,2,26,1,1,1,0,False,False,True,False,True,False,False,False,False,False,False,False,False,False,False,True,False,False,False,False,False,True,False,False,False,False,True,False,False,False,False,False,False,True,True,False,False,True,False,True,True,0.09254481003505731,1,-1
36,9398,1,4,28,1,1,2,1,True,False,False,False,True,False,False,True,False,False,False,False,False,False,False,False,False,False,False,False,True,False,False,False,False,False,True,False,False,False,True,False,False,True,False,False,False,False,True,True,False,0.5406791237793567,0,-1
24,6419,2,4,44,2,2,1,0,False,False,False,False,False,False,True,True,False,False,False,False,False,False,False,False,False,False,False,False,False,False,False,True,True,False,False,False,False,False,False,True,False,True,False,True,False,False,True,True,False,0.27803977386014417,2,-1
42,4796,4,4,56,1,1,1,0,False,True,False,False,False,False,True,True,False,False,False,False,False,False,False,False,False,False,False,False,False,False,False,True,False,True,False,False,False,False,False,True,False,True,False,True,False,True,False,False,False,0.46513028261490547,0,-1
48,7629,4,2,46,2,2,1,0,False,False,True,False,False,False,True,False,False,False,False,False,False,False,False,True,False,False,False,True,False,False,False,True,False,False,False,False,False,False,True,False,False,False,True,False,False,False,True,False,False,0.1376290794914073,0,-1
48,9960,1,2,26,1,1,2,1,True,False,False,False,True,False,False,False,False,True,False,False,False,False,False,False,False,False,False,False,True,False,False,False,True,False,False,False,False,False,True,False,False,True,True,False,False,True,False,True,False,0.5408223247022839,0,-1
12,4675,1,4,20,1,1,1,0,False,False,True,False,True,False,False,True,False,False,False,False,False,False,False,False,False,False,False,True,True,False,False,False,True,False,False,False,False,False,True,False,False,True,False,False,False,True,False,False,False,0.19637607472447585,1,-1
10,1287,4,2,45,1,1,1,0,False,False,True,False,True,False,False,False,False,False,False,False,False,False,False,False,False,False,False,True,False,False,False,True,False,True,False,True,False,True,False,False,False,True,True,False,True,False,False,False,True,0.1199415643530156,1,-1
18,2515,3,4,43,1,1,1,0,False,False,True,False,True,False,False,False,False,True,False,False,False,False,False,False,False,False,False,False,False,True,False,False,False,True,False,False,False,False,False,False,False,True,True,False,False,True,False,True,False,0.084352329327595,1,-1
21,2745,3,2,32,2,1,1,0,True,False,False,False,False,False,True,False,False,True,False,False,False,False,False,False,False,False,True,False,False,False,True,False,False,True,False,False,False,False,True,False,False,True,True,False,False,True,False,True,False,0.13760969300514853,2,-1
6,672,1,4,54,1,1,1,0,False,False,True,False,True,False,False,False,False,False,False,False,False,False,False,False,False,False,False,False,False,False,False,False,True,False,False,False,False,False,False,False,False,True,True,False,False,False,False,True,False,0.07543524608111979,1,-1
36,3804,4,1,42,1,1,2,1,True,False,False,False,False,False,False,False,False,False,True,False,False,False,False,False,False,False,False,False,False,True,False,False,True,False,False,False,False,False,True,False,False,True,True,False,False,True,False,True,False,0.5973488375264983,1,-1
24,1344,4,2,37,2,2,2,1,False,True,False,False,False,False,True,False,False,False,False,False,False,False,False,False,False,False,False,True,False,False,True,False,False,True,False,False,False,False,False,False,False,False,True,False,True,False,False,False,False,0.3866477737584285,2,-1
10,1038,4,3,49,2,1,1,0,False,False,False,False,False,False,True,False,False,False,False,False,False,False,False,False,False,False,False,False,False,False,True,False,False,True,False,True,False,True,False,False,False,True,True,False,False,True,False,True,False,0.1356726262151906,2,-1
48,10127,2,2,44,1,1,2,1,False,False,True,False,False,False,True,False,False,False,False,False,False,False,False,False,False,True,False,False,False,True,False,False,False,True,False,False,False,False,False,True,False,False,False,True,False,True,False,False,False,0.21045647787681213,0,-1
6,1543,4,2,33,1,1,1,0,False,False,True,False,True,False,False,False,False,True,False,False,False,False,False,False,False,False,True,False,False,True,False,False,False,False,False,False,False,False,False,False,False,True,True,False,False,True,False,False,False,0.09616567124032578,1,-1
30,4811,2,4,24,1,1,1,0,False,False,True,False,True,False,False,True,False,False,False,False,False,False,False,False,False,False,False,True,False,False,True,False,True,False,False,False,False,True,False,False,True,False,False,False,True,False,False,False,False,0.1376614792809265,0,-1
12,727,4,3,33,1,1,2,1,False,False,False,False,True,False,False,False,False,False,True,False,False,False,False,False,True,False,False,False,True,False,False,False,False,False,True,False,False,False,False,True,False,True,True,False,True,False,False,True,False,0.5406155641902353,1,-1
8,1237,3,4,24,1,1,2,1,True,False,False,False,True,False,False,False,False,True,False,False,False,False,False,False,False,False,False,False,False,True,False,False,True,False,False,False,False,False,False,False,False,True,True,False,False,True,False,False,False,0.3362479048621451,1,-1
9,276,4,4,22,1,1,1,0,True,False,False,False,True,False,False,False,False,False,False,False,False,False,False,False,False,False,False,False,False,True,False,False,False,False,True,False,False,False,False,False,False,True,False,False,True,False,False,False,False,0.5101479243470366,1,-1
48,5381,3,4,40,1,1,1,0,True,False,False,False,True,False,False,False,True,False,False,False,False,False,False,False,False,False,False,True,False,False,False,False,False,True,False,False,False,False,False,True,False,False,False,True,False,False,False,True,False,0.5,0,-1
24,5511,4,1,25,1,1,1,0,False,False,True,False,True,False,False,False,False,True,False,False,False,False,False,False,True,False,False,False,False,True,False,False,False,True,False,False,False,False,True,False,True,False,True,False,False,True,False,False,False,0.1600562484225594,1,-1
24,3749,2,4,26,1,1,1,0,False,True,False,False,True,False,False,False,False,True,False,False,False,False,False,False,False,False,False,False,True,False,False,False,True,False,False,False,False,False,True,False,False,True,True,False,False,True,False,False,False,0.5423003034337315,1,-1
12,685,2,3,25,1,1,2,1,True,False,False,False,True,False,False,False,False,False,False,False,False,False,False,False,False,False,False,False,False,False,True,False,False,False,True,False,False,False,True,False,False,False,True,False,True,False,False,False,False,0.34215868924197673,1,-1
4,1494,1,2,29,1,2,1,0,False,True,False,False,True,False,False,False,False,False,False,False,False,False,False,False,False,False,False,True,True,False,False,False,False,True,False,False,False,False,False,False,False,True,True,False,True,False,False,False,True,0.16209989750168327,1,-1
36,2746,4,4,31,1,1,2,1,False,False,False,True,False,False,False,False,False,True,False,False,False,False,False,False,False,False,False,False,False,False,False,True,False,True,False,False,False,False,True,False,False,False,True,False,False,True,False,False,False,0.5093234455700767,3,-1
12,708,2,3,38,1,2,1,0,False,False,False,False,True,False,False,False,False,True,False,False,False,False,False,False,False,False,False,False,False,True,False,False,False,True,False,False,True,True,False,False,False,True,True,False,True,False,False,False,False,0.28848732926304815,1,-1
24,4351,1,4,48,1,1,1,0,True,False,False,False,True,False,False,False,False,True,False,False,False,False,False,False,False,False,False,True,False,True,False,False,True,False,False,False,False,True,False,False,False,True,True,False,True,False,False,True,False,0.2789833417570307,1,-1
12,701,4,2,32,2,1,1,0,False,False,True,False,False,False,True,False,False,False,False,False,False,True,False,False,False,False,False,False,False,True,False,False,False,True,False,False,False,False,True,False,False,True,True,False,False,True,False,False,False,0.12585695905656039,2,0
15,3643,1,4,27,2,1,1,0,False,False,False,False,False,True,False,False,False,True,False,False,False,False,False,False,False,False,False,False,False,False,False,True,True,False,False,False,False,True,False,False,False,True,True,False,True,False,False,False,False,0.3177762126730642,1,-1
30,4249,4,2,28,2,1,2,1,True,False,False,False,False,False,True,False,False,False,False,False,False,False,False,False,False,False,False,False,False,False,False,False,False,False,True,False,False,False,True,False,False,True,True,False,False,False,True,False,False,0.4673803721160715,2,-1
24,1938,4,3,32,1,1,2,1,False,False,False,False,True,False,False,False,False,False,True,False,False,False,False,False,False,False,False,False,True,False,False,False,False,False,False,False,False,True,False,False,False,True,True,False,False,True,False,False,False,0.5682297857821971,1,-1
24,2910,2,1,34,1,1,1,0,False,False,False,False,True,False,False,True,False,False,False,False,False,False,False,False,False,False,False,False,False,False,True,False,False,True,False,False,False,False,False,True,False,True,False,True,False,False,True,True,False,0.32222956487770676,1,-1
18,2659,4,2,28,1,1,1,0,False,False,False,False,True,False,False,False,False,True,False,False,False,False,False,False,False,False,True,False,False,True,False,False,False,True,False,False,False,False,True,False,False,True,True,False,False,True,False,False,False,0.1114527970447635,1,-1
18,1028,4,3,36,2,1,1,0,False,False,True,False,False,False,True,False,False,False,False,False,False,False,False,False,False,False,False,False,False,True,False,False,True,False,False,False,False,False,False,False,False,True,True,False,False,True,False,False,False,0.09761543630491455,2,-1
8,3398,1,4,39,2,1,1,0,False,False,False,False,False,False,True,False,False,False,False,False,False,False,False,False,False,False,False,False,False,False,True,False,False,True,False,False,False,False,False,False,False,True,True,False,True,False,False,False,True,0.14077200313045488,2,-1
12,5801,2,4,49,1,1,1,0,False,False,True,False,False,False,True,False,False,True,False,False,False,False,False,False,False,False,False,True,False,False,False,True,False,True,False,False,False,True,False,False,False,True,False,False,False,True,False,True,False,0.13760842984286314,2,-1
24,1525,4,3,34,1,2,1,0,False,False,True,False,True,False,False,False,False,False,False,False,False,False,False,False,False,False,True,False,False,False,True,False,True,False,False,False,False,False,True,False,False,True,True,False,False,True,False,True,False,0.14900667227296843,1,-1
36,4473,4,2,31,1,1,1,0,False,True,False,False,True,False,False,False,False,False,True,False,False,False,False,False,False,False,False,False,False,False,False,True,False,True,False,False,False,False,True,False,False,True,True,False,False,True,False,False,False,0.6019869627375917,1,-1
6,1068,4,4,28,1,2,1,0,True,False,False,False,True,False,False,False,False,False,True,False,False,False,False,False,False,False,False,False,False,False,False,True,False,True,False,False,False,False,True,False,False,True,True,False,False,True,False,False,False,0.4716094788178572,1,-1
24,6615,2,4,75,2,1,1,0,False,False,False,False,False,False,True,True,False,False,False,False,False,False,False,False,False,False,False,False,False,False,False,False,False,True,False,False,False,False,False,True,False,True,False,True,False,False,True,True,False,0.42271623533652253,2,-1
18,1864,4,2,30,2,1,2,1,False,False,True,False,False,False,True,False,False,False,False,False,False,True,False,False,True,False,False,False,False,True,False,False,True,False,False,False,False,False,False,False,False,True,True,False,False,True,False,False,False,0.12797004044993807,2,0
60,7408,4,2,24,1,1,2,1,True,False,False,False,True,False,False,False,False,False,False,False,False,False,False,False,True,False,False,False,True,False,False,False,True,False,False,False,False,True,False,False,False,True,True,False,False,False,True,False,False,0.54073987146279,0,-1
48,11590,2,4,24,2,1,2,1,False,False,True,False,False,False,True,True,False,False,False,False,False,False,False,False,True,False,False,False,False,True,False,False,True,False,False,False,False,False,True,False,False,False,False,False,True,False,False,False,False,0.5114330385934699,0,-1
24,4110,3,4,23,2,2,2,1,False,False,False,False,False,False,False,False,False,True,False,False,False,False,False,False,False,False,False,False,False,False,False,True,False,True,False,False,False,False,False,True,False,False,False,False,False,True,False,False,False,0.540634945712896,0,-1
6,3384,1,4,44,1,1,2,1,False,False,False,False,False,False,True,False,False,True,False,False,False,False,False,False,False,False,False,False,False,True,False,False,False,False,False,False,False,False,False,False,False,True,False,False,False,False,True,True,False,0.340908550198183,2,-1
13,2101,2,4,23,1,1,1,0,True,False,False,False,True,False,False,False,False,False,True,False,False,False,False,False,False,False,False,False,True,False,False,False,True,False,False,False,True,True,False,False,False,True,True,False,True,False,False,False,False,0.5097613271828841,1,-1
15,1275,4,2,24,1,1,2,1,False,False,False,False,True,False,False,False,False,False,False,True,False,False,False,False,False,False,False,True,False,True,False,False,True,False,False,False,False,False,True,False,False,True,False,False,False,True,False,False,False,0.5198447140745943,1,-1
24,4169,4,4,28,1,1,1,0,False,False,False,False,True,False,False,False,False,True,False,False,False,False,False,False,False,False,False,False,False,True,False,False,False,True,False,False,False,True,False,False,False,True,True,False,False,True,False,False,False,0.428600967580266,1,-1
10,1521,4,2,31,1,1,1,0,True,False,False,False,True,False,False,False,False,True,False,False,False,False,False,False,False,False,False,False,False,True,False,False,False,False,False,False,False,False,True,False,False,True,True,False,True,False,False,False,False,0.46181422072526934,1,-1
24,5743,2,4,24,2,1,1,0,True,False,False,False,False,False,True,False,False,False,False,False,False,True,False,False,False,False,False,False,True,False,False,False,True,False,False,False,False,False,False,True,False,True,False,True,False,True,False,True,False,0.5723280138961168,0,-1
21,3599,1,4,26,1,1,1,0,False,False,False,False,True,False,False,False,False,True,False,False,False,False,False,False,False,False,False,False,False,False,True,False,True,False,False,False,False,False,True,False,False,True,False,False,True,False,False,False,False,0.4211968803426906,1,-1
18,3213,1,3,25,1,1,1,0,True,False,False,False,True,False,False,False,False,False,True,False,False,False,False,False,False,True,False,False,True,False,False,False,False,False,True,False,False,False,False,False,False,True,False,False,False,True,False,False,False,0.5207533937124359,1,-1
18,4439,1,1,33,1,1,1,0,True,False,False,False,True,False,False,False,False,False,False,False,False,False,False,True,False,False,False,False,False,False,False,True,False,True,False,True,False,False,False,False,False,False,True,False,False,False,True,True,False,0.20557309372096258,1,-1
10,3949,1,1,37,1,2,1,0,False,True,False,False,True,False,False,False,False,False,False,False,False,False,False,False,False,False,False,False,True,False,False,False,False,True,False,False,True,True,False,False,False,True,True,False,True,False,False,False,False,0.18354183628651807,1,-1
15,1459,4,2,43,1,1,1,0,False,False,True,False,False,False,True,False,False,False,True,False,False,False,False,False,False,False,False,False,False,True,False,False,True,False,False,False,False,False,True,False,False,True,True,False,True,False,False,False,False,0.09763068939875992,2,-1
13,882,4,4,23,2,1,1,0,True,False,False,False,False,False,True,False,False,False,True,False,False,False,False,False,False,False,False,False,True,False,False,False,False,True,False,False,True,False,False,False,False,True,True,False,False,True,False,False,False,0.38597614004693775,2,-1
24,3758,1,4,23,1,1,1,0,True,False,False,False,True,False,False,False,False,False,True,False,False,False,False,False,False,True,False,False,False,False,False,False,True,False,False,False,False,False,False,True,False,True,False,False,False,False,False,False,False,0.4431934968141407,1,-1
6,1743,1,2,34,2,1,1,0,False,False,True,False,False,True,False,False,False,False,False,False,False,False,False,True,True,False,False,False,False,True,False,False,False,True,False,False,False,False,False,False,False,True,True,False,True,False,False,False,False,0.11620054488844214,1,-1
9,1136,4,3,32,2,2,2,1,True,False,False,False,False,False,True,False,False,False,False,False,False,True,False,False,False,False,True,False,False,False,False,True,False,True,False,False,False,False,False,True,False,True,False,True,False,True,False,False,False,0.5111671396981948,2,-1
9,1236,1,4,23,1,1,1,0,False,False,True,False,True,False,False,False,False,False,False,True,False,False,False,False,False,False,False,False,True,False,False,False,True,False,False,False,False,False,False,False,False,True,False,False,False,True,False,True,False,0.15695383365900292,1,-1
9,959,1,2,29,1,1,2,1,True,False,False,False,True,False,False,False,False,True,False,False,False,False,False,False,False,False,False,False,False,True,False,False,True,False,False,False,False,False,True,False,False,True,True,False,False,True,False,False,True,0.1799925677961042,1,-1
18,3229,2,4,38,1,1,1,0,False,False,True,False,False,False,True,True,False,False,False,False,False,False,False,False,False,False,False,True,False,False,False,False,False,True,False,False,False,False,False,True,False,True,True,False,False,False,True,True,False,0.06960719005779759,2,-1
12,6199,4,2,28,2,1,2,1,False,False,False,False,False,False,False,False,False,False,True,False,False,False,False,False,False,False,False,False,False,True,False,False,False,True,False,False,False,True,False,False,False,True,False,False,False,True,False,True,False,0.4068955749240846,1,-1
10,727,4,4,46,1,1,1,0,False,False,True,False,True,False,False,False,False,False,False,False,False,True,False,False,False,True,False,False,False,False,False,True,False,True,False,False,False,False,False,True,False,True,False,True,False,True,False,True,False,0.13573318686616487,1,-1
24,1246,4,2,23,1,1,2,1,True,False,False,False,True,False,False,False,False,False,False,False,False,False,False,False,False,False,False,False,True,False,False,False,False,True,False,False,False,False,False,False,True,False,True,False,True,False,False,False,False,0.5273582241673945,1,-1
12,2331,1,4,49,1,1,1,0,False,False,True,False,False,False,True,False,False,False,True,False,False,False,False,False,False,False,False,True,False,False,False,True,False,True,False,True,False,False,False,False,False,True,True,False,False,True,False,True,False,0.0754273270936938,2,-1
36,4463,4,2,26,2,1,2,1,False,False,True,False,False,True,False,False,False,False,True,False,False,False,False,False,False,False,False,False,False,True,False,False,False,True,False,False,False,False,True,False,False,True,True,False,False,False,True,True,False,0.1890964649928869,0,-1
12,776,4,2,28,1,1,1,0,False,False,True,False,True,False,False,False,False,False,True,False,False,False,False,False,False,False,False,False,False,True,False,False,False,False,True,False,False,False,False,False,False,True,True,False,False,True,False,False,False,0.14147169925164202,1,-1
30,2406,4,4,23,1,1,2,1,False,False,False,False,True,False,False,False,False,True,False,False,False,False,False,False,False,False,False,False,False,False,True,False,True,False,False,False,False,False,False,False,False,True,False,False,False,True,False,False,False,0.5459077630718139,1,-1
18,1239,4,4,61,1,1,1,0,True,False,False,False,True,False,False,False,False,False,False,False,False,True,False,False,False,False,False,True,False,True,False,False,False,True,False,False,False,False,False,True,False,True,False,True,False,True,False,False,False,0.4379228482947818,1,-1
12,3399,2,3,37,1,1,1,0,False,True,False,False,True,False,False,False,False,False,True,False,False,False,False,False,False,False,False,True,False,False,False,True,False,True,False,False,False,False,True,False,False,True,True,False,False,False,True,False,False,0.21636693228485007,1,-1
12,2247,2,2,36,2,1,1,0,False,True,False,False,False,True,False,False,False,False,False,False,False,False,False,False,False,False,False,False,False,True,False,False,True,False,False,False,False,False,True,False,True,False,True,False,False,True,False,True,False,0.24402658472271238,1,-1
6,1766,1,2,21,1,1,1,0,False,False,True,False,True,False,False,False,False,True,False,False,False,False,False,False,False,False,False,False,False,True,False,False,False,False,True,False,False,True,False,False,False,True,False,False,False,True,False,False,False,0.13762218964238904,1,-1
18,2473,4,1,25,1,1,2,1,False,False,False,False,True,False,False,False,False,True,False,False,False,False,False,False,False,False,False,False,False,False,False,False,False,True,False,False,False,False,True,False,False,True,True,False,False,False,False,False,False,0.5,1,-1
12,1542,2,4,36,1,1,1,0,False,False,True,False,True,False,False,False,False,False,False,False,False,False,False,True,False,False,False,False,False,False,True,False,False,True,False,False,False,False,True,False,False,True,True,False,False,True,False,True,False,0.07835985494601827,1,-1
18,3850,3,1,27,2,1,1,0,False,False,True,False,False,False,True,True,False,False,False,False,False,False,False,False,False,False,False,False,False,False,True,False,False,True,False,False,False,False,True,False,False,True,True,False,False,True,False,False,False,0.12527144137433707,2,-1
18,3650,1,4,22,1,1,1,0,False,False,False,False,True,False,False,False,False,True,False,False,False,False,False,False,False,False,False,False,True,False,False,False,True,False,False,False,False,False,True,False,False,True,False,False,False,True,False,False,False,0.5141937656891815,1,-1
36,3446,4,2,42,1,2,2,1,False,False,False,False,True,False,False,False,False,True,False,False,False,False,False,False,False,False,False,False,False,False,False,True,False,True,False,False,False,False,True,False,False,True,True,False,False,True,False,False,False,0.6390925914457657,1,-1
18,3001,2,4,40,1,1,1,0,True,False,False,False,True,False,False,False,False,True,False,False,False,False,False,False,False,False,False,False,False,False,True,False,True,False,False,False,False,False,False,False,False,True,False,False,False,True,False,False,False,0.39325875215231393,1,-1
36,3079,4,4,36,1,1,1,0,False,False,True,False,True,False,False,False,False,False,False,False,False,False,False,False,False,False,False,True,False,True,False,False,False,True,False,False,False,False,False,False,False,True,True,False,False,True,False,False,False,0.12092611737712039,1,-1
18,6070,3,4,33,2,1,1,0,False,False,True,False,False,False,True,False,False,False,True,False,False,False,False,False,False,False,False,False,False,False,False,True,False,True,False,False,False,False,True,False,False,True,True,False,False,True,False,True,False,0.09379227437811306,2,-1
10,2146,1,3,23,2,1,1,0,False,False,True,False,False,False,True,False,False,True,False,False,False,False,False,False,False,False,False,False,True,False,False,False,True,False,False,False,False,False,False,False,False,True,False,False,False,True,False,False,False,0.23551374564478258,2,-1
60,13756,2,4,63,1,1,1,0,False,False,True,False,False,False,True,False,False,False,False,False,False,False,False,False,False,False,False,True,False,False,False,True,False,True,False,False,False,False,False,True,False,False,False,True,False,False,True,True,False,0.3479564046090942,0,-1
60,14782,3,4,60,2,1,2,1,True,False,False,True,False,False,False,False,True,False,False,False,False,False,False,False,True,False,False,False,False,False,False,True,True,False,False,False,False,False,False,True,False,False,False,True,False,False,True,True,False,0.5407270155101974,3,-1
48,7685,2,4,37,1,1,2,1,False,False,False,True,False,False,False,False,False,False,False,False,False,False,False,True,False,False,False,False,False,False,True,False,True,False,False,False,True,False,True,False,False,True,False,False,False,True,False,False,False,0.3750704550820614,3,-1
18,2320,2,3,34,2,1,1,0,False,False,True,False,False,True,False,False,False,False,True,False,False,False,False,False,False,False,False,False,False,False,False,False,False,False,True,False,False,False,False,False,False,True,True,False,False,True,False,False,False,0.1275018049429712,1,-1
7,846,3,4,36,1,1,1,0,False,False,True,False,False,True,False,False,False,False,True,False,False,False,False,False,False,False,False,True,False,False,False,True,False,True,False,False,False,False,False,True,False,True,False,True,False,True,False,False,False,0.12315259896389681,1,-1
36,14318,4,2,57,1,1,2,1,True,False,False,False,True,False,False,False,False,False,False,False,False,False,False,False,False,False,False,False,False,False,False,True,False,True,False,False,False,False,False,True,False,True,False,True,False,False,True,True,False,0.544164224706561,0,-1
6,362,4,4,52,2,1,1,0,False,False,True,False,False,False,True,False,False,False,False,False,False,False,False,False,True,False,False,False,False,True,False,False,True,False,False,False,False,False,True,False,False,True,True,False,True,False,False,False,False,0.06887381279914231,2,-1
20,2212,4,4,39,1,1,1,0,False,False,False,False,True,False,False,False,False,True,False,False,False,False,False,False,False,False,False,True,False,False,True,False,False,True,False,False,False,False,True,False,False,True,True,False,False,True,False,True,False,0.4301872462567468,1,-1
18,12976,3,4,38,1,1,2,1,True,False,False,False,True,False,False,True,False,False,False,False,False,False,False,False,False,False,False,False,False,False,False,False,True,False,False,False,False,False,False,True,False,True,False,True,False,False,True,True,False,0.6123794519587434,0,-1
22,1283,4,4,25,1,1,1,0,False,False,True,False,True,False,False,False,False,False,False,False,False,False,False,False,False,False,False,True,False,False,True,False,True,False,False,False,False,True,False,False,False,True,False,False,False,True,False,False,False,0.1766496473682202,1,-1
12,1330,4,1,26,1,1,1,0,False,True,False,False,True,False,False,False,False,False,False,False,False,False,False,False,False,False,False,False,True,False,False,False,False,True,False,False,False,False,False,False,False,True,True,False,False,True,False,False,False,0.4174865811132455,1,-1
30,4272,2,2,26,2,1,1,0,False,False,True,False,False,True,False,False,False,False,False,False,False,False,False,True,True,False,False,False,False,True,False,False,False,True,False,False,False,True,False,False,False,True,True,False,True,False,False,False,False,0.19099960217073358,1,-1
18,2238,2,1,25,2,1,1,0,False,False,True,False,False,False,True,False,False,False,True,False,False,False,False,False,False,False,False,False,False,True,False,False,True,False,False,False,False,False,True,False,False,True,True,False,False,True,False,False,False,0.1376723511119415,2,-1
18,1126,4,2,21,1,1,1,0,False,False,True,False,True,False,False,False,False,False,True,False,False,False,False,False,False,False,False,True,True,False,False,False,True,False,False,False,False,False,False,False,False,True,False,False,False,True,False,True,False,0.18782937268346972,1,-1
18,7374,4,4,40,2,1,1,0,True,False,False,False,False,False,True,False,False,True,False,False,False,False,False,False,False,False,False,False,False,False,False,False,False,True,False,False,False,True,False,False,True,False,True,False,False,False,True,True,False,0.20484414525200917,2,-1
15,2326,2,4,27,1,1,1,0,True,False,False,False,False,False,True,False,False,False,False,False,False,False,False,True,False,True,False,False,False,True,False,False,False,True,False,False,False,False,True,False,False,False,True,False,False,True,False,False,False,0.25041328789900014,2,-1
9,1449,3,2,27,2,1,1,0,False,False,True,False,True,False,False,False,False,False,False,False,False,False,False,True,False,False,False,False,False,False,True,False,True,False,False,False,False,False,True,False,False,True,True,False,False,True,False,False,False,0.12401092765618321,1,-1
18,1820,2,2,30,1,1,1,0,False,False,True,False,True,False,False,False,False,False,False,False,False,False,False,False,False,False,False,False,False,True,False,False,False,False,True,False,False,True,False,False,False,True,True,False,False,False,True,True,False,0.08814193975608886,1,-1
12,983,1,4,19,1,1,1,0,True,False,False,False,True,False,False,False,False,True,False,False,False,False,False,False,False,False,True,False,True,False,False,False,True,False,False,False,False,False,False,False,False,True,False,False,True,False,False,False,False,0.15508091152386674,1,-1
36,3249,2,4,39,1,2,1,0,False,False,False,False,True,False,False,False,False,False,False,False,False,False,False,False,False,False,False,False,False,False,True,False,False,True,False,False,False,False,False,True,False,False,False,True,False,False,True,True,False,0.47006957969200613,0,-1
6,1957,1,4,31,1,1,1,0,False,False,False,False,False,False,True,False,False,False,True,False,False,False,False,False,False,False,False,False,False,False,True,False,True,False,False,False,False,False,True,False,False,True,True,False,False,True,False,False,False,0.16010884764632474,2,-1
9,2406,2,3,31,1,1,1,0,False,False,True,False,False,False,True,False,False,True,False,False,False,False,False,False,False,False,False,False,False,False,False,False,False,True,False,False,False,False,True,False,False,True,True,False,False,False,True,False,False,0.07181036335711394,2,-1
39,11760,2,3,32,1,1,1,0,True,False,False,False,False,True,False,False,False,False,False,False,False,True,False,False,True,False,False,False,False,False,True,False,False,True,False,False,False,False,False,True,False,True,False,False,False,True,False,True,False,0.45452917611733307,0,-1
12,2578,3,4,55,1,1,1,0,False,False,False,False,True,False,False,False,False,True,False,False,False,False,False,False,False,False,False,False,False,False,False,False,True,False,False,False,False,False,False,True,False,True,False,True,False,False,True,False,False,0.36651896442220555,1,-1
36,2348,3,2,46,2,1,1,0,False,False,False,False,False,False,True,False,False,True,False,False,False,False,False,False,False,False,False,False,False,True,False,False,False,False,True,False,False,True,False,False,False,True,True,False,False,True,False,True,False,0.35608683550554165,2,-1
12,1223,1,1,46,2,1,2,1,True,False,False,False,True,False,False,False,False,False,False,False,False,False,False,False,False,False,False,False,False,False,False,True,False,False,False,False,False,False,False,False,False,True,False,False,False,True,False,False,False,0.39052421625893297,1,-1
24,1516,4,1,43,2,1,1,0,False,False,True,False,False,False,True,False,False,False,True,False,False,False,False,False,False,False,True,False,False,True,False,False,True,False,False,False,False,False,False,False,False,True,True,False,True,False,False,False,False,0.1376802370725445,2,-1
18,1473,3,4,39,1,1,1,0,False,False,True,False,True,False,False,False,False,False,True,False,False,False,False,False,False,False,False,False,True,False,False,False,False,False,True,False,False,False,False,False,False,True,True,False,False,True,False,True,False,0.13765141774069106,1,-1
18,1887,4,4,28,2,1,1,0,True,False,False,False,False,False,True,False,False,False,False,False,False,False,False,True,False,False,False,True,False,True,False,False,False,False,True,False,False,False,False,False,False,False,True,False,False,True,False,False,False,0.24289051753500662,2,-1
24,8648,2,2,27,2,1,2,1,False,False,True,False,False,True,False,False,False,False,False,False,False,False,False,True,False,False,False,False,True,False,False,False,False,True,False,False,False,False,True,False,False,False,True,False,False,True,False,True,False,0.4905089607449965,0,-1
14,802,4,2,27,2,1,1,0,False,False,True,False,False,True,False,False,False,False,False,False,False,False,False,False,False,False,False,False,False,True,False,False,False,True,False,False,False,False,True,False,False,True,True,False,True,False,False,False,False,0.14737443680827553,1,-1
18,2899,4,4,43,1,2,1,0,True,False,False,False,False,True,False,False,False,False,False,False,False,False,False,False,False,False,False,True,False,False,False,True,False,True,False,False,False,False,True,False,False,True,True,False,False,True,False,False,False,0.5276772008303443,1,-1
24,2039,1,1,22,1,1,2,1,True,False,False,False,True,False,False,False,False,False,True,False,False,False,False,False,False,False,False,False,True,False,False,False,False,False,True,False,False,True,False,False,False,True,True,False,False,True,False,True,False,0.480283920513318,1,-1
24,2197,4,4,43,2,2,1,0,False,False,True,False,False,False,True,True,False,False,False,False,False,False,False,False,False,False,False,True,False,False,True,False,False,True,False,False,False,False,True,False,False,True,True,False,False,True,False,True,False,0.1376584082944964,2,-1
15,1053,4,2,27,1,1,1,0,False,False,False,False,True,False,False,False,False,False,True,False,False,False,False,False,False,False,False,False,True,False,False,False,False,False,True,False,False,False,False,False,False,True,True,False,False,True,False,False,True,0.5089627445344986,1,-1
24,3235,3,2,26,1,1,1,0,False,False,True,False,True,False,False,False,False,False,True,False,False,False,False,False,False,True,False,False,False,False,False,True,False,False,False,False,False,False,True,False,False,True,True,False,False,False,True,True,False,0.11347600324184212,1,-1
12,939,4,2,28,3,1,2,1,False,True,False,False,False,False,True,False,False,False,False,False,False,False,False,False,False,True,False,False,False,False,True,False,False,False,True,False,False,False,False,False,False,True,True,False,False,True,False,True,False,0.32949846776553426,2,-1
24,1967,4,4,20,1,1,1,0,True,False,False,False,True,False,False,False,False,False,True,False,False,False,False,False,False,False,False,False,False,False,False,True,True,False,False,False,False,False,True,False,False,True,True,False,False,True,False,True,False,0.48982572715288203,1,-1
33,7253,3,2,35,2,1,1,0,False,False,True,False,False,False,True,True,False,False,False,False,False,False,False,False,False,False,False,False,False,False,True,False,False,True,False,False,False,False,True,False,False,True,True,False,False,False,True,True,False,0.1475080717915231,2,-1
12,2292,4,2,42,2,1,2,1,False,False,True,False,False,False,True,False,False,False,False,False,False,False,False,True,False,False,False,False,False,False,False,False,False,True,False,False,False,False,True,False,True,False,True,False,False,False,True,True,False,0.08351264628277584,2,-1
10,1597,3,2,40,1,2,1,0,False,False,True,False,True,False,False,False,False,False,False,False,False,False,False,False,False,True,False,False,False,True,False,False,False,True,False,False,False,False,False,True,False,True,False,False,True,False,False,False,True,0.13755373248225594,1,-1
24,1381,4,2,35,1,1,2,1,False,False,False,False,True,False,False,False,False,False,False,False,False,False,False,False,False,False,False,True,False,True,False,False,True,False,False,False,False,True,False,False,False,True,True,False,False,True,False,False,False,0.6019567834375913,1,-1
36,5842,2,2,35,2,2,1,0,False,False,True,False,False,False,True,True,False,False,False,False,False,False,False,False,False,False,False,False,False,False,False,True,False,True,False,False,False,True,False,False,False,True,True,False,False,True,False,True,False,0.1255498200930814,2,-1
12,2579,4,1,33,1,2,2,1,False,False,False,False,True,False,False,False,False,False,False,False,False,False,False,False,False,False,False,False,True,False,False,False,False,True,False,False,False,False,False,False,False,True,True,False,True,False,False,False,False,0.5407303063190698,1,-1
18,8471,1,2,23,2,1,1,0,False,False,False,False,False,True,False,False,False,False,False,False,False,True,False,False,False,False,False,True,False,True,False,False,True,False,False,False,False,False,True,False,False,True,False,False,False,True,False,True,False,0.350540705734353,0,-1
21,2782,1,2,31,1,1,1,0,False,False,True,False,True,False,False,False,False,False,False,False,False,False,False,False,False,True,False,False,False,False,True,False,True,False,False,False,False,False,True,False,False,False,True,False,False,False,True,False,False,0.09510738339062566,1,-1
18,1042,4,2,33,1,1,2,1,True,False,False,False,True,False,False,False,False,False,False,False,False,False,False,False,False,False,False,True,False,True,False,False,True,False,False,False,False,True,False,False,False,True,True,False,False,True,False,False,False,0.55889780135389,1,-1
15,3186,2,3,20,1,1,1,0,False,False,True,False,True,False,False,False,False,False,False,False,False,False,False,False,False,False,True,False,False,False,True,False,True,False,False,False,False,False,True,False,False,True,False,False,False,True,False,False,False,0.10499651899235646,1,-1
12,2028,4,2,30,1,1,1,0,True,False,False,False,True,False,False,True,False,False,False,False,False,False,False,False,False,False,False,True,False,True,False,False,False,True,False,False,False,False,True,False,False,True,True,False,False,True,False,False,False,0.47551918244933306,1,-1
12,958,2,3,47,2,2,1,0,True,False,False,False,False,False,True,False,False,False,False,False,False,False,False,False,False,False,False,False,False,False,True,False,False,True,False,False,False,False,False,False,False,True,True,False,True,False,False,False,False,0.12593595136954816,2,-1
21,1591,4,3,34,2,1,1,0,False,False,True,False,False,True,False,False,False,True,False,False,False,False,False,False,True,False,False,False,False,False,True,False,False,True,False,False,False,False,False,False,False,True,True,False,False,False,True,False,False,0.12406207770839069,1,-1
12,2762,1,2,25,1,1,2,1,True,False,False,False,True,False,False,False,False,True,False,False,False,False,False,False,False,False,False,True,False,False,False,True,True,False,False,False,False,True,False,False,False,False,True,False,False,True,False,True,False,0.20771582903493022,1,-1
18,2779,1,3,21,1,1,1,0,True,False,False,False,True,False,False,True,False,False,False,False,False,False,False,False,False,False,False,False,False,True,False,False,False,False,True,False,False,False,True,False,False,True,False,False,False,True,False,True,False,0.4051902549908933,1,-1
28,2743,4,2,29,2,1,1,0,False,False,True,False,False,False,True,False,False,False,True,False,False,False,False,False,False,False,False,False,False,False,False,True,False,True,False,False,False,False,True,False,False,True,True,False,False,True,False,False,False,0.14880275158038464,2,-1
18,1149,4,3,46,2,1,1,0,False,False,True,False,False,False,True,False,False,False,True,False,False,False,False,False,False,False,True,False,False,True,False,False,False,True,False,False,False,False,False,False,False,True,True,False,False,True,False,False,False,0.12135290094927456,2,-1
9,1313,1,4,20,1,1,1,0,False,False,True,False,True,False,False,False,False,True,False,False,False,False,False,False,False,False,False,False,False,False,False,True,False,True,False,False,False,False,True,False,False,True,True,False,False,True,False,False,False,0.13762016512860487,1,-1
18,1190,2,4,55,3,2,2,1,False,False,False,False,False,False,True,False,False,False,False,False,True,False,False,False,False,False,False,False,False,False,False,False,True,False,False,False,False,False,False,True,False,True,False,True,False,False,False,False,False,0.2866503102193951,2,-1
5,3448,1,4,74,1,1,1,0,False,False,True,False,True,False,False,False,False,False,False,False,False,False,False,True,False,False,False,False,False,False,True,False,False,True,False,False,False,False,False,False,False,True,True,False,True,False,False,False,False,0.1477028964338334,1,-1
24,11328,2,3,29,2,1,2,1,True,False,False,False,True,False,False,False,True,False,False,False,False,False,False,False,False,False,False,False,False,True,False,False,False,True,False,True,False,False,True,False,False,False,True,False,False,False,True,True,False,0.5082359105369024,0,-1
6,1872,4,4,36,3,1,1,0,False,False,False,False,False,False,True,False,False,True,False,False,False,False,False,False,False,False,False,False,False,False,False,False,False,True,False,False,False,False,False,True,False,True,False,True,False,False,True,True,False,0.19734942567376126,2,-1
24,2058,4,2,33,2,1,1,0,False,False,True,False,False,False,True,False,False,False,False,False,True,False,False,False,False,False,False,False,False,True,False,False,False,False,False,False,False,False,False,False,False,True,True,False,False,True,False,True,False,0.12448347173686937,2,-1
9,2136,3,2,25,1,1,1,0,False,False,False,False,True,False,False,False,False,True,False,False,False,False,False,False,False,False,False,False,False,True,False,False,False,True,False,False,False,False,False,False,False,True,True,False,False,True,False,False,False,0.3459993784531046,1,-1
12,1484,2,1,25,1,1,2,1,True,False,False,False,True,False,False,False,False,False,True,False,False,False,False,False,False,False,False,True,False,True,False,False,False,False,True,False,False,False,False,False,False,True,True,False,False,True,False,True,False,0.2582031563098438,1,-1
6,660,2,4,23,1,1,1,0,False,False,True,False,True,False,False,False,False,False,False,False,True,False,False,False,False,True,False,False,False,False,True,False,False,False,True,False,False,False,False,False,False,True,False,False,True,False,False,False,False,0.15907935526143913,1,-1
24,1287,4,4,37,2,1,1,0,False,False,True,False,False,False,True,False,False,False,False,False,False,False,False,False,False,False,True,False,False,False,False,True,True,False,False,False,False,False,False,False,False,True,True,False,False,True,False,True,False,0.11138223976622998,2,-1
42,3394,4,4,65,2,1,1,0,False,False,False,False,False,False,True,False,False,False,False,False,True,False,False,False,False,False,False,False,False,False,False,False,False,True,False,True,False,False,True,False,False,True,True,False,False,False,False,False,False,0.23536215622941148,2,-1
12,609,4,1,26,1,1,2,1,False,True,False,True,False,False,False,False,False,False,False,False,False,False,False,True,False,False,False,False,True,False,False,False,True,False,False,False,False,False,False,False,False,True,True,False,False,False,False,False,False,0.5406835107381452,3,-1
12,1884,4,4,39,1,1,1,0,False,False,True,False,True,False,False,False,False,False,False,False,False,False,False,False,False,False,False,False,False,False,False,True,False,True,False,False,False,False,True,False,False,True,True,False,False,False,True,True,False,0.11326753362628482,1,-1
12,1620,2,3,30,1,1,1,0,False,False,False,False,True,False,False,False,False,True,False,False,False,False,False,False,False,False,False,False,False,True,False,False,True,False,False,True,False,True,False,False,False,True,True,False,False,True,False,False,False,0.2705517965858971,1,-1
20,2629,2,3,29,2,1,1,0,True,False,False,False,False,True,False,False,True,False,False,False,False,False,False,False,False,False,False,False,False,True,False,False,False,True,False,False,False,False,True,False,False,False,True,False,False,True,False,True,False,0.3943233931744894,1,-1
12,719,4,4,41,1,2,2,1,False,False,True,False,True,False,False,False,False,False,False,False,False,True,False,False,False,False,False,False,False,False,False,True,False,True,False,False,False,False,True,False,False,False,True,False,True,False,False,False,False,0.30726110646273197,1,-1
48,5096,2,3,30,1,1,2,1,True,False,False,False,False,False,True,False,False,True,False,False,False,False,False,False,False,False,False,False,False,True,False,False,True,False,False,False,False,False,True,False,False,True,True,False,False,False,True,True,False,0.5407786868705181,0,-1
9,1244,4,4,41,2,1,1,0,False,False,True,False,False,False,True,False,False,False,False,False,False,True,False,False,False,False,False,True,False,False,False,True,True,False,False,False,False,True,False,False,False,True,False,False,True,False,False,False,False,0.1025551846959067,2,-1
36,1842,4,4,34,1,1,2,1,False,False,False,False,True,False,False,False,False,False,False,False,False,False,False,False,False,False,False,False,True,False,False,False,True,False,False,False,False,False,True,False,False,True,True,False,False,True,False,True,False,0.5740941786370679,1,-1
7,2576,2,2,35,1,1,1,0,True,False,False,False,True,False,False,False,False,False,True,False,False,False,False,False,False,False,False,False,False,True,False,False,False,True,False,False,True,False,False,False,False,True,True,False,False,True,False,False,False,0.16673928784155753,1,-1
12,1424,3,4,55,1,1,1,0,False,True,False,False,True,False,False,False,False,True,False,False,False,False,False,False,False,False,False,True,False,False,False,True,True,False,False,False,False,False,False,False,False,True,True,False,False,False,True,True,False,0.2490215853648778,1,-1
15,1512,3,3,61,2,1,2,1,True,False,False,False,False,True,False,False,False,False,False,False,True,False,False,False,False,False,True,False,False,True,False,False,False,False,True,False,False,True,False,False,True,False,True,False,False,True,False,False,False,0.29083215858786654,2,-1
36,11054,4,2,30,1,1,1,0,False,False,True,False,False,False,True,True,False,False,False,False,False,False,False,False,False,False,False,True,False,True,False,False,False,True,False,False,False,False,True,False,False,True,True,False,False,False,True,True,False,0.2973654032036871,0,-1
6,518,3,1,29,1,1,1,0,False,False,True,False,True,False,False,False,False,False,True,False,False,False,False,False,False,False,False,False,False,True,False,False,True,False,False,False,False,False,False,False,False,True,True,False,False,True,False,False,False,0.10149275470208469,1,-1
12,2759,2,4,34,2,1,1,0,False,False,True,False,False,False,False,False,False,True,False,False,False,False,False,False,False,False,False,False,False,False,False,True,False,True,False,False,False,True,False,False,False,True,True,False,False,True,False,False,False,0.11919256439789064,1,-1
24,2670,4,4,35,1,1,1,0,False,False,True,False,True,False,False,True,False,False,False,False,False,False,False,False,False,False,False,False,False,False,False,True,False,True,False,False,False,False,True,False,False,True,True,False,False,False,True,True,False,0.10999691338004397,1,-1
24,4817,2,3,31,1,1,2,1,False,False,False,False,True,False,False,False,False,False,False,False,False,False,False,False,False,False,False,False,False,False,True,False,False,True,False,True,False,True,False,False,False,True,True,False,False,True,False,True,False,0.3815192911420937,1,-1
24,2679,4,1,29,1,1,1,0,False,False,True,False,True,False,False,True,False,False,False,False,False,False,False,False,False,False,False,False,True,False,False,False,True,False,False,False,False,False,False,True,False,True,True,False,False,False,True,True,False,0.14582658619012454,1,-1
11,3905,2,2,36,2,2,1,0,False,False,False,False,False,False,True,False,False,False,False,False,False,False,False,False,False,False,False,False,False,True,False,False,False,True,False,False,False,False,False,False,False,True,False,False,False,True,False,False,False,0.13762758559512017,2,-1
12,3386,3,4,35,1,1,2,1,False,False,False,False,True,False,False,True,False,False,False,False,False,False,False,False,False,False,False,False,False,False,False,True,False,True,False,False,False,False,False,True,False,True,False,True,False,True,False,True,False,0.39816525970238986,1,-1
6,343,4,1,27,1,1,1,0,False,False,False,False,True,False,False,False,False,False,False,True,False,False,False,False,False,False,False,False,True,False,False,False,True,False,False,False,False,False,False,False,False,True,True,False,False,True,False,False,False,0.40901092436680175,1,-1
18,4594,3,2,32,1,1,1,0,False,False,True,False,True,False,False,False,False,False,True,False,False,False,False,False,False,False,False,False,True,False,False,False,False,True,False,False,False,False,True,False,False,True,True,False,False,True,False,True,False,0.15795099657587963,1,-1
36,3620,1,2,37,1,2,1,0,False,False,False,False,True,False,False,False,False,True,False,False,False,False,False,False,False,False,False,False,False,True,False,False,False,True,False,False,True,True,False,False,False,True,True,False,False,True,False,False,False,0.40878176806630406,0,-1
15,1721,2,3,36,1,1,1,0,False,False,False,False,True,False,False,False,False,False,False,False,False,False,False,False,False,False,False,False,True,False,False,False,False,True,False,False,False,False,False,False,False,True,True,False,False,True,False,False,False,0.41079686912868085,1,-1
12,3017,3,1,34,1,1,1,0,True,False,False,False,True,False,False,False,False,True,False,False,False,False,False,False,False,False,False,False,True,False,False,False,True,False,False,False,False,False,False,False,False,True,False,False,False,False,True,False,False,0.48337034281374924,1,-1
12,754,4,4,38,2,1,1,0,True,False,False,False,True,False,False,False,False,False,False,False,False,False,True,False,False,False,False,True,False,False,False,True,False,True,False,False,False,True,False,False,False,True,True,False,False,True,False,False,False,0.28781460180949275,1,-1
18,1950,4,1,34,2,1,1,0,False,False,True,False,True,False,False,False,False,False,False,False,False,False,False,True,False,False,False,False,False,False,True,False,False,True,False,False,False,False,True,False,True,False,True,False,False,True,False,True,False,0.1376466654474926,1,-1
24,2924,3,4,63,1,2,1,0,False,False,False,False,True,False,False,True,False,False,False,False,False,False,False,False,False,False,False,False,False,True,False,False,False,True,False,False,True,False,False,True,False,False,True,False,False,True,False,True,False,0.47812822091312973,1,-1
24,1659,4,2,29,1,1,2,1,False,False,False,False,False,True,False,False,False,False,True,False,False,False,False,False,False,False,False,False,True,False,False,False,True,False,False,False,False,False,True,False,False,True,False,False,True,False,False,True,False,0.5618411613228772,1,-1
48,7238,3,3,32,2,2,1,0,False,False,True,False,False,True,False,False,False,False,True,False,False,False,False,False,False,False,False,True,False,False,False,True,False,True,False,False,False,False,True,False,False,False,True,False,False,True,False,False,False,0.15638739170024127,0,-1
33,2764,2,2,26,2,1,1,0,False,False,True,False,False,True,False,False,False,False,False,False,False,False,False,True,False,False,False,False,False,True,False,False,True,False,False,False,False,False,True,False,False,True,True,False,False,True,False,True,False,0.20577691165959666,1,-1
24,4679,3,3,35,2,1,1,0,False,False,True,False,False,True,False,True,False,False,False,False,False,False,False,False,False,False,False,False,False,False,True,False,False,True,False,False,False,False,True,False,False,True,True,False,True,False,False,True,False,0.12609379351727928,1,-1
24,3092,3,2,22,1,1,2,1,True,False,False,False,True,False,False,False,False,False,True,False,False,False,False,False,True,False,False,False,True,False,False,False,False,False,True,False,False,False,True,False,False,True,False,False,False,True,False,True,False,0.5858291974306962,1,-1
6,448,4,4,23,1,1,2,1,False,False,False,False,True,False,False,False,False,False,False,False,False,True,False,False,False,False,False,False,True,False,False,False,True,False,False,False,False,True,False,False,False,True,True,False,False,True,False,False,False,0.5405986313243862,1,-1
9,654,4,3,28,1,1,2,1,False,False,False,False,True,False,False,False,False,False,False,False,False,False,False,False,False,False,False,False,False,True,False,False,False,True,False,False,False,False,True,False,False,True,True,False,True,False,False,False,False,0.46415466526266713,1,1
6,1238,4,4,36,1,2,1,0,False,False,True,False,True,False,False,False,False,False,False,False,False,False,True,False,False,False,False,True,False,False,False,False,False,True,False,False,False,True,False,False,False,True,True,False,False,False,True,True,False,0.27683799749512567,1,-1
18,1245,4,2,33,1,1,2,1,True,False,False,False,False,False,True,False,False,False,True,False,False,False,False,False,False,False,False,False,False,True,False,False,False,False,True,False,False,False,True,False,False,True,True,False,False,True,False,False,False,0.3840082842905271,2,-1
18,3114,1,4,26,1,1,2,1,False,False,False,False,False,False,False,False,False,True,False,False,False,False,False,False,False,False,False,False,True,False,False,False,True,False,False,False,False,True,False,False,False,True,False,False,False,True,False,False,False,0.5,1,-1
39,2569,4,4,24,1,1,1,0,False,False,True,False,True,False,False,True,False,False,False,False,False,False,False,False,False,True,False,False,False,True,False,False,False,True,False,False,False,False,True,False,False,True,True,False,False,True,False,False,False,0.14316686132144674,1,-1
24,5152,4,2,25,1,1,1,0,False,True,False,False,True,False,False,False,False,False,True,False,False,False,False,False,False,False,False,False,False,False,True,False,False,True,False,False,False,False,True,False,False,False,True,False,False,True,False,False,False,0.5192092297556922,1,-1
12,1037,3,4,39,1,1,1,0,True,False,False,False,True,False,False,False,False,False,False,False,False,False,False,True,True,False,False,False,False,False,True,False,False,True,False,False,False,False,False,False,False,True,True,False,True,False,False,False,False,0.2836956317473851,1,-1
15,1478,4,4,44,2,2,1,0,False,False,False,False,False,False,True,False,False,True,False,False,False,False,False,False,False,False,False,False,False,False,False,True,False,True,False,False,False,False,True,False,False,True,True,False,False,True,False,True,False,0.23485237407053075,2,-1
12,3573,1,1,23,1,1,1,0,True,False,False,False,False,False,True,False,False,False,True,False,False,False,False,False,False,False,False,False,False,True,False,False,True,False,False,False,False,False,False,False,False,True,True,False,True,False,False,False,False,0.17555329132794859,1,-1
24,1201,4,1,26,1,1,1,0,True,False,False,False,True,False,False,False,False,False,False,False,False,False,False,False,False,False,False,False,True,False,False,False,False,True,False,False,False,True,False,False,False,True,True,False,False,True,False,False,False,0.45174773256124184,1,-1
30,3622,4,4,57,2,1,1,0,False,False,False,False,True,False,False,False,False,True,False,False,False,False,False,False,False,False,True,False,False,False,False,True,True,False,False,False,False,True,False,False,False,True,False,False,False,True,False,True,False,0.23704632392940814,2,-1
15,960,3,2,30,2,1,1,0,False,False,True,False,False,True,False,False,False,True,False,False,False,False,False,False,False,False,True,False,False,False,True,False,True,False,False,False,False,True,False,False,False,True,True,False,False,True,False,False,False,0.11327322355858414,1,-1
12,1163,4,4,44,1,1,1,0,False,False,True,False,False,False,True,False,False,False,False,False,False,False,False,False,False,True,False,False,False,True,False,False,False,True,False,False,False,False,False,False,False,True,True,False,False,True,False,True,False,0.07840059024844961,2,-1
6,1209,4,4,47,1,1,2,1,True,False,False,False,False,True,False,False,False,False,False,False,False,False,False,False,False,False,False,False,False,False,False,False,False,True,False,False,False,True,False,False,False,True,True,False,False,False,True,True,False,0.291387455260742,1,-1
12,3077,2,4,52,1,1,1,0,False,False,True,False,True,False,False,False,False,False,True,False,False,False,False,False,False,False,False,False,False,True,False,False,False,True,False,False,False,False,True,False,False,True,True,False,False,True,False,True,False,0.07848984100065232,1,-1
24,3757,4,4,62,1,1,1,0,False,False,True,False,True,False,False,False,False,False,False,False,False,False,False,False,False,False,False,False,False,False,False,True,True,False,False,True,False,False,False,True,False,True,False,True,False,True,False,True,False,0.19530517961213378,1,-1
10,1418,3,2,35,1,1,1,0,False,False,True,False,True,False,False,False,False,False,False,False,False,False,False,False,True,False,False,False,False,True,False,False,False,True,False,False,False,False,False,False,False,True,False,False,True,False,False,False,True,0.10868567945442215,1,-1
6,3518,2,3,26,1,1,1,0,False,False,True,False,True,False,False,False,False,False,False,False,False,False,False,False,False,False,False,False,False,True,False,False,False,True,False,False,True,True,False,False,False,True,False,False,False,True,False,False,False,0.10953578116881174,1,-1
12,1934,2,2,26,2,1,1,0,False,False,True,False,False,False,True,False,False,False,True,False,False,False,False,False,False,False,False,False,False,False,False,True,False,True,False,False,False,False,False,True,False,True,True,False,False,True,False,False,False,0.11658329348788296,2,-1
27,8318,2,4,42,2,1,2,1,True,False,False,False,False,False,False,False,False,False,False,False,False,False,False,True,False,False,False,False,False,False,False,True,True,False,False,False,False,False,False,True,False,True,False,True,False,False,True,True,False,0.6043423870671771,0,-1
6,1237,1,1,27,2,1,1,0,False,False,True,False,False,False,True,False,False,False,True,False,False,False,False,False,True,False,False,False,False,True,False,False,True,False,False,False,False,True,False,False,False,True,True,False,False,True,False,False,False,0.12322204605305936,2,-1
6,368,4,4,38,1,1,1,0,True,False,False,False,True,False,False,False,False,False,True,False,False,False,False,False,False,False,False,True,False,False,False,True,False,True,False,False,False,True,False,False,False,True,True,False,False,True,False,False,False,0.33090444252836,1,-1
12,2122,3,2,39,2,2,1,0,False,False,False,False,False,False,True,False,False,False,False,False,False,False,False,False,False,False,False,False,False,True,False,False,False,True,False,False,False,False,False,False,False,True,False,False,True,False,False,False,True,0.19177242828439672,2,-1
24,2996,2,4,20,1,1,2,1,False,False,False,False,True,False,False,False,False,True,False,False,False,False,False,False,False,False,False,True,False,True,False,False,False,False,True,False,False,False,True,False,False,True,True,False,False,True,False,False,False,0.44529473702208694,1,-1
36,9034,4,1,29,1,1,2,1,True,False,False,False,True,False,False,False,False,True,False,False,False,False,False,False,True,False,False,False,True,False,False,False,False,True,False,True,False,False,False,True,False,True,False,False,False,False,True,True,False,0.5406625912354767,0,-1
24,1585,4,3,40,2,1,1,0,False,False,True,False,False,False,True,False,False,True,False,False,False,False,False,False,False,False,False,False,False,False,True,False,False,True,False,False,False,True,False,False,False,True,True,False,False,True,False,False,False,0.0874908152721122,2,-1
18,1301,4,2,32,1,1,1,0,True,False,False,False,True,False,False,False,False,False,True,False,False,False,False,False,False,False,False,False,False,False,False,True,False,False,True,False,True,False,False,False,False,True,True,False,True,False,False,False,False,0.555326050603596,1,-1
6,1323,2,4,28,2,2,1,0,False,True,False,False,False,False,True,False,False,False,False,False,False,False,False,False,True,False,False,False,False,False,False,True,False,False,False,False,False,False,True,False,False,True,True,False,False,True,False,True,False,0.13765843939017947,2,-1
24,3123,4,1,27,1,1,2,1,False,False,False,False,True,False,False,False,False,False,False,False,False,False,False,False,False,False,False,False,True,False,False,False,True,False,False,False,False,True,False,False,False,True,True,False,False,True,False,False,False,0.4366419258767923,1,-1
36,5493,2,4,42,1,2,1,0,False,False,False,False,True,False,False,True,False,False,False,False,False,False,False,False,False,False,False,False,False,False,False,True,False,True,False,False,False,False,False,True,False,True,False,True,False,True,False,False,False,0.4004851572251932,0,-1
9,1126,2,4,49,1,1,1,0,False,True,False,False,True,False,False,False,False,False,True,False,False,False,False,False,True,False,False,False,False,False,False,True,False,False,False,False,False,False,False,False,False,True,True,False,False,True,False,False,False,0.15594980688745635,1,-1
24,1216,4,4,38,2,2,2,1,True,False,False,False,False,False,True,False,False,False,True,False,False,False,False,False,True,False,False,False,True,False,False,False,False,True,False,False,False,False,False,True,False,False,True,False,False,True,False,False,False,0.5325151167779585,2,-1
24,1207,4,4,24,1,1,2,1,False,False,False,False,True,False,False,False,False,False,False,False,False,False,False,False,False,False,False,False,True,False,False,False,True,False,False,False,False,True,False,False,False,True,False,False,False,True,False,False,False,0.5462325221537121,1,-1
10,1309,4,4,27,1,1,2,1,False,False,True,False,True,False,False,False,False,False,False,False,False,False,False,False,False,False,False,True,False,True,False,False,False,True,False,False,True,True,False,False,False,True,True,False,True,False,False,False,False,0.1430509463915259,1,-1
15,2360,2,2,36,1,1,1,0,False,True,False,False,False,False,True,True,False,False,False,False,False,False,False,False,False,True,False,False,False,True,False,False,False,True,False,False,False,False,True,False,False,True,True,False,False,True,False,True,False,0.2115321176232225,2,-1
15,6850,1,2,34,1,2,2,1,True,False,False,True,False,False,False,False,False,False,False,False,False,False,False,False,True,False,False,False,False,False,False,False,False,True,False,False,False,True,False,False,False,True,True,False,False,False,True,True,False,0.540733862831339,3,-1
24,1413,4,2,28,1,1,1,0,False,False,True,False,True,False,False,False,False,False,True,False,False,False,False,False,False,False,False,False,False,True,False,False,False,False,True,False,False,True,False,False,False,True,True,False,False,True,False,False,False,0.14400847550426113,1,-1
39,8588,4,2,45,1,1,1,0,False,False,True,False,True,False,False,True,False,False,False,False,False,False,False,False,True,False,False,False,False,False,False,True,False,True,False,False,False,False,True,False,False,True,True,False,False,False,True,True,False,0.22049705188379604,0,-1
12,759,4,2,26,1,1,2,1,False,False,False,False,True,False,False,False,False,False,False,False,False,False,False,False,False,False,False,False,False,False,True,False,False,True,False,False,False,False,False,False,False,True,True,False,False,True,False,False,False,0.5270975749992151,1,-1
36,4686,2,2,32,1,1,1,0,False,False,True,False,True,False,False,True,False,False,False,False,False,False,False,False,False,False,False,False,False,True,False,False,False,True,False,False,False,False,False,True,False,True,False,True,False,False,True,True,False,0.12386159188016087,0,-1
15,2687,2,4,26,1,1,1,0,False,True,False,False,True,False,False,False,False,False,False,False,False,False,False,True,False,False,False,False,False,False,True,False,False,True,False,False,False,True,False,False,False,True,False,False,False,True,False,True,False,0.4456699042126137,1,-1
12,585,4,4,20,2,1,1,0,True,False,False,False,False,True,False,False,False,False,True,False,False,False,False,False,False,False,False,False,False,True,False,False,False,False,True,True,False,False,False,False,False,True,False,False,False,True,False,False,False,0.5233888486283602,1,-1
24,2255,4,1,54,1,1,1,0,False,False,True,False,True,False,False,False,False,False,False,False,False,False,False,False,False,False,False,True,True,False,False,False,False,True,False,False,False,True,False,False,False,True,True,False,False,True,False,False,False,0.21916809251476038,1,-1
6,609,4,3,37,2,1,1,0,False,False,False,False,False,False,True,False,False,False,False,False,False,False,False,False,False,False,False,False,False,False,True,False,True,False,False,False,False,True,False,False,False,True,True,False,False,True,False,False,True,0.17311233787771918,2,-1
6,1361,2,4,40,1,2,1,0,False,False,False,False,False,False,True,False,False,False,False,False,False,False,False,False,False,False,False,False,True,False,False,False,False,True,False,False,False,False,False,False,False,True,True,False,True,False,False,False,True,0.17718757268453403,2,-1
36,7127,2,4,23,2,1,2,1,False,False,True,False,False,False,True,False,False,True,False,False,False,False,False,False,False,False,False,False,True,False,False,False,True,False,False,False,False,True,False,False,False,True,False,False,False,True,False,True,False,0.54072614254697,0,-1
6,1203,3,2,43,1,1,1,0,False,False,False,False,True,False,False,False,False,False,False,False,False,False,False,False,True,False,False,False,False,False,False,True,False,True,False,False,False,True,False,False,False,True,True,False,False,True,False,True,False,0.23249672433079407,1,-1
6,700,4,4,36,2,1,1,0,False,False,True,False,False,False,True,False,False,False,True,False,False,False,False,False,False,False,False,True,False,False,False,True,False,True,False,False,False,False,False,True,False,True,False,True,False,True,False,False,False,0.11337944479797277,2,-1
24,5507,3,4,44,2,1,1,0,False,False,True,False,False,False,True,False,False,False,False,False,True,False,False,False,False,False,False,False,False,False,False,True,False,True,False,False,False,False,False,True,False,True,False,True,False,True,False,False,False,0.14617723845535135,2,-1
18,3190,2,2,24,1,1,2,1,False,False,False,False,True,False,False,False,False,False,True,False,False,False,False,False,False,False,False,False,False,True,False,False,True,False,False,False,False,False,False,False,False,True,True,False,False,True,False,False,False,0.3415956046778458,1,-1
48,7119,3,4,53,2,2,2,1,False,False,False,False,False,False,False,False,False,True,False,False,False,False,False,False,False,False,False,False,False,True,False,False,False,True,False,False,False,False,False,True,False,True,False,True,False,True,False,False,False,0.5648919612125166,0,-1
24,3488,3,4,23,1,1,1,0,False,False,True,False,True,False,False,True,False,False,False,False,False,False,False,False,True,False,False,False,False,False,True,False,True,False,False,False,False,False,True,False,False,True,True,False,False,True,False,False,False,0.116138371417522,1,-1
18,1113,4,4,26,1,2,1,0,True,False,False,False,True,False,False,False,False,False,True,False,False,False,False,False,False,False,False,False,False,True,False,False,True,False,False,False,True,False,False,False,False,True,True,False,True,False,False,False,False,0.5961502672833696,1,-1
26,7966,2,3,30,2,1,1,0,True,False,False,False,True,False,False,True,False,False,False,False,False,False,False,False,False,False,False,False,True,False,False,False,False,True,False,False,False,False,True,False,False,True,True,False,False,True,False,False,False,0.5763643990082599,0,-1
15,1532,4,3,31,1,1,1,0,False,False,True,False,False,False,True,False,False,False,False,False,False,True,False,False,True,False,False,False,False,True,False,False,True,False,False,False,False,False,True,False,False,True,True,False,False,True,False,False,False,0.10720625638664,2,-1
4,1503,2,1,42,2,2,1,0,False,False,True,False,False,False,True,False,False,False,True,False,False,False,False,False,False,False,False,False,False,False,True,False,False,True,False,False,False,False,False,False,False,True,True,False,True,False,False,False,False,0.07874549822319994,2,-1
36,2302,4,4,31,1,1,2,1,False,False,False,False,True,False,False,False,False,False,True,False,False,False,False,False,False,False,False,False,False,True,False,False,False,False,False,False,False,False,True,False,False,True,False,False,False,True,False,False,False,0.557985306141887,1,-1
6,662,3,4,41,1,2,1,0,False,False,False,False,True,False,False,False,False,False,False,False,False,False,False,False,False,False,False,False,True,False,False,False,False,True,False,False,False,False,False,False,False,True,True,False,True,False,False,True,False,0.37443196294610803,1,-1
36,2273,3,1,32,2,2,1,0,True,False,False,False,True,False,False,False,False,False,False,False,False,True,False,False,False,False,False,False,False,False,True,False,False,True,False,False,False,False,True,False,False,True,True,False,False,True,False,False,False,0.5,1,-1
15,2631,2,4,28,2,1,2,1,True,False,False,False,True,False,False,False,False,False,False,False,False,False,False,False,True,False,False,False,False,True,False,False,True,False,False,False,False,False,True,False,False,True,False,False,False,True,False,True,False,0.5406789167926624,1,-1
12,1503,4,4,41,1,1,1,0,False,False,True,False,False,True,False,True,False,False,False,False,False,False,False,False,False,False,False,False,False,True,False,False,False,False,True,False,False,False,False,False,False,True,False,False,False,True,False,False,False,0.1329562236891457,1,-1
24,1311,4,3,26,1,1,1,0,False,False,True,False,True,False,False,False,False,False,True,False,False,False,False,False,True,False,False,False,False,False,True,False,False,False,True,False,False,True,False,False,False,True,True,False,False,True,False,True,False,0.14256524419026526,1,-1
24,3105,4,2,25,2,1,1,0,False,False,True,False,True,False,False,False,False,False,True,False,False,False,False,False,False,False,False,True,True,False,False,False,False,True,False,False,False,False,True,False,False,True,True,False,False,True,False,False,False,0.2525684857803678,1,-1
21,2319,2,1,33,1,1,2,1,False,True,False,False,False,False,True,False,False,False,False,False,False,True,False,False,False,False,False,False,True,False,False,False,False,False,False,False,False,False,True,False,False,True,False,False,False,True,False,False,False,0.5,1,-1
6,1374,4,3,75,1,1,1,0,False,False,False,False,True,False,False,False,False,False,False,False,False,False,False,False,False,False,False,True,False,False,False,False,True,False,False,False,False,True,False,False,False,True,True,False,False,False,True,True,False,0.3088004555465961,1,-1
18,3612,3,4,37,1,1,1,0,True,False,False,False,False,False,True,False,False,True,False,False,False,False,False,False,False,False,False,False,False,False,False,True,True,False,False,False,False,True,False,False,False,True,True,False,False,True,False,True,False,0.2183833391651851,2,-1
48,7763,4,4,42,1,1,2,1,False,False,False,False,True,False,False,False,False,False,False,False,False,False,False,False,False,False,False,False,False,False,False,True,False,True,False,False,False,False,False,True,False,False,False,True,False,False,True,False,False,0.5690282071922615,0,-1
18,3049,1,1,45,1,1,1,0,False,True,False,False,True,False,False,False,False,True,False,False,False,False,False,False,False,False,False,False,True,False,False,False,True,False,False,False,False,True,False,False,True,False,True,False,True,False,False,False,False,0.2756459686982294,1,-1
12,1534,1,1,23,1,1,2,1,True,False,False,False,True,False,False,False,False,False,True,False,False,False,False,False,False,False,False,False,True,False,False,False,False,False,True,False,False,False,False,False,False,True,False,False,False,True,False,False,False,0.5406623504433061,1,-1
24,2032,4,4,60,2,1,1,0,False,False,True,False,False,True,False,False,False,False,False,False,False,False,False,False,False,False,False,False,False,False,False,True,False,True,False,False,False,False,False,True,False,True,False,True,False,True,False,True,False,0.2678361744472428,2,-1
30,6350,4,4,31,1,1,2,1,False,False,False,False,True,False,False,False,False,True,False,False,False,False,False,False,False,False,False,True,False,False,False,True,False,True,False,False,False,True,False,False,False,True,True,False,False,True,False,False,False,0.45293606594139163,0,-1
18,2864,2,1,34,1,2,2,1,False,True,False,False,True,False,False,False,False,True,False,False,False,False,False,False,False,False,False,False,False,True,False,False,False,True,False,False,False,False,False,False,False,True,True,False,True,False,False,False,False,0.3079807190386997,1,-1
12,1255,4,4,61,2,1,1,0,False,False,True,False,False,False,True,False,False,False,False,False,False,False,False,False,False,False,False,False,False,False,False,True,False,True,False,False,False,False,False,False,False,True,True,False,True,False,False,False,False,0.06484942417432442,2,-1
24,1333,4,2,43,2,2,2,1,False,False,False,False,False,True,False,False,False,False,False,False,False,False,False,False,False,False,False,False,False,False,False,False,False,True,False,False,False,False,False,False,False,True,False,True,False,True,False,False,False,0.5452881790485693,1,-1
24,2022,4,4,37,1,1,1,0,False,False,True,False,False,False,True,False,False,False,False,False,False,False,False,False,False,False,False,False,False,True,False,False,True,False,False,False,False,False,True,False,False,True,True,False,False,True,False,True,False,0.08377718227064476,2,-1
24,1552,3,1,32,1,2,1,0,False,False,True,False,True,False,False,False,False,False,True,False,False,False,False,False,False,False,False,False,False,False,True,False,False,True,False,False,False,False,True,False,False,False,True,False,False,True,False,False,False,0.19304136871514066,1,-1
12,626,4,4,24,1,1,2,1,False,False,False,True,False,False,False,False,False,False,True,False,False,False,False,False,False,False,False,False,False,True,False,False,True,False,False,False,False,False,False,False,False,False,True,False,True,False,False,False,False,0.46724243912255026,3,-1
48,8858,2,1,35,2,1,1,0,False,False,True,False,False,False,True,True,False,False,False,False,False,False,False,False,False,False,False,True,False,False,True,False,False,True,False,False,False,False,False,True,False,True,False,True,False,True,False,True,False,0.22206672552841963,0,-1
12,996,4,4,23,2,1,1,0,False,False,True,False,False,False,True,False,False,False,False,False,True,False,False,False,False,False,False,True,False,False,True,False,True,False,False,False,False,False,False,False,False,True,True,False,False,True,False,False,False,0.1330368902840612,2,-1
6,1750,2,4,45,1,2,1,0,False,False,True,True,False,False,False,False,False,False,True,False,False,False,False,False,False,True,False,False,False,False,False,True,False,True,False,False,False,True,False,False,False,False,True,False,True,False,False,False,False,0.3167124508795417,3,-1
48,6999,1,1,34,2,1,2,1,False,False,False,False,True,False,False,False,False,False,True,False,False,False,False,False,False,False,False,False,False,False,True,False,False,False,True,False,True,False,False,False,False,True,True,False,False,True,False,True,False,0.4806821979988846,0,-1
12,1995,4,1,27,1,1,1,0,True,False,False,False,False,False,True,False,False,False,False,False,False,False,False,False,True,False,False,False,True,False,False,False,False,True,False,False,False,False,True,False,False,True,True,False,False,True,False,False,False,0.23571214382269784,1,-1
9,1199,4,4,67,2,1,1,0,True,False,False,False,True,False,False,False,False,False,False,False,False,True,False,False,False,False,False,False,False,False,True,False,True,False,False,False,False,True,False,False,False,True,True,False,False,False,True,True,False,0.2656652150034734,2,-1
12,1331,2,1,22,1,1,2,1,True,False,False,False,True,False,False,False,False,False,True,False,False,False,False,False,False,False,False,False,True,False,False,False,False,True,False,False,False,False,True,False,True,False,True,False,False,True,False,False,False,0.42553733514168024,1,-1
18,2278,3,3,28,2,1,2,1,True,False,False,False,False,False,False,False,False,False,False,False,False,False,False,False,True,False,False,False,True,False,False,False,True,False,False,False,False,False,True,False,False,True,True,False,False,True,False,False,False,0.6061662177892487,1,-1
21,5003,1,4,29,2,1,2,1,False,False,True,False,False,False,False,False,False,False,False,False,False,False,False,False,False,False,False,True,False,True,False,False,True,False,False,False,False,True,False,False,False,False,True,False,False,True,False,True,False,0.20832257587717778,1,-1
24,3552,3,4,27,1,1,2,1,False,False,False,True,False,False,False,False,False,True,False,False,False,False,False,False,False,False,False,False,False,False,True,False,False,True,False,False,False,False,True,False,False,False,True,False,False,True,False,False,False,0.5407741016788629,3,-1
18,1928,2,2,31,2,1,2,1,True,False,False,False,False,False,True,False,False,True,False,False,False,False,False,False,False,False,False,False,True,False,False,False,False,True,False,False,False,False,False,False,False,True,True,False,True,False,False,False,False,0.407985133336677,2,-1
24,2964,4,4,49,1,2,1,0,False,False,False,False,True,False,False,True,False,False,False,False,False,False,False,False,False,False,False,True,False,False,False,True,False,True,False,False,False,False,False,True,False,False,False,True,False,True,False,True,False,0.5440649761081365,1,-1
24,1546,4,4,24,1,1,2,1,False,False,False,True,False,False,False,False,False,False,True,False,False,False,False,False,False,False,False,False,False,False,True,False,False,True,False,False,True,False,True,False,False,False,False,False,True,False,False,False,False,0.5406830717797153,3,-1
6,683,2,1,29,1,1,1,0,False,True,False,False,False,True,False,False,False,False,True,False,False,False,False,False,False,False,False,False,True,False,False,False,True,False,False,False,False,True,False,False,False,False,True,False,False,True,False,False,False,0.3421558583294626,1,-1
36,12389,1,4,37,1,1,2,1,True,False,False,False,True,False,False,False,False,False,False,False,False,False,False,False,False,False,False,True,False,True,False,False,False,True,False,False,False,False,False,True,False,True,False,True,False,True,False,True,False,0.4904558413937156,0,-1
24,4712,4,2,37,2,1,1,0,True,False,False,False,False,True,False,False,False,False,False,False,False,False,False,True,False,False,False,True,False,True,False,False,False,True,False,False,False,True,False,False,False,False,True,False,False,False,True,True,False,0.4608557892541924,1,-1
24,1553,3,2,23,2,1,1,0,True,False,False,False,False,True,False,False,False,False,True,False,False,False,False,False,True,False,False,False,False,False,True,False,True,False,False,False,False,True,False,False,False,True,False,False,False,True,False,True,False,0.6129986331429823,1,-1
12,1372,2,3,36,1,1,2,1,False,False,False,False,True,False,False,False,False,False,False,False,False,False,False,False,False,False,False,False,False,False,True,False,False,False,False,False,False,False,True,False,False,True,True,False,False,True,False,False,False,0.23304284842887082,1,-1
24,2578,2,2,34,1,1,1,0,False,False,True,False,False,False,True,False,False,False,True,False,False,False,False,False,False,False,True,False,False,False,False,True,False,True,False,False,False,False,True,False,False,True,True,False,False,True,False,False,False,0.08774465473903523,2,-1
48,3979,4,1,41,2,2,1,0,True,False,False,False,True,False,False,False,False,False,True,False,False,False,False,False,False,False,False,True,False,False,True,False,False,True,False,False,False,False,True,False,False,True,True,False,False,True,False,True,False,0.4547522584709821,0,-1
48,6758,3,2,31,1,1,2,1,False,False,False,False,True,False,False,False,False,False,True,False,False,False,False,False,False,False,False,False,False,True,False,False,True,False,False,False,False,False,True,False,False,True,True,False,False,True,False,True,False,0.5479997924467184,0,-1
24,3234,4,4,23,1,1,2,1,False,False,False,False,True,False,False,False,False,True,False,False,False,False,False,False,False,False,False,False,True,False,False,False,True,False,False,False,False,False,False,False,False,True,False,False,True,False,False,True,False,0.5328447318400715,1,-1
30,5954,3,2,38,1,1,1,0,False,False,True,False,False,False,True,False,False,False,True,False,False,False,False,False,False,False,False,False,False,False,True,False,False,True,False,True,False,False,True,False,False,True,True,False,False,True,False,False,False,0.11318926341743323,2,-1
24,5433,2,4,26,1,1,1,0,False,False,True,False,True,False,False,True,False,False,False,False,False,False,False,False,False,False,False,True,False,False,False,False,True,False,False,False,False,True,False,False,False,True,False,False,False,False,True,True,False,0.12737154744350768,0,-1
15,806,4,4,22,1,1,1,0,False,False,False,False,True,False,False,False,False,False,False,False,False,False,False,True,False,False,False,False,False,True,False,False,True,False,False,False,False,True,False,False,False,True,True,False,True,False,False,False,False,0.46661413261567314,1,-1
9,1082,4,4,27,2,1,1,0,True,False,False,False,True,False,False,False,False,False,True,False,False,False,False,False,False,False,False,False,False,False,False,True,False,True,False,False,False,False,True,False,False,True,True,False,True,False,False,False,False,0.2989415082306072,1,-1
15,2788,2,3,24,2,1,1,0,False,False,True,False,False,False,True,False,False,True,False,False,False,False,False,False,False,False,False,False,False,False,True,False,True,False,False,True,False,False,True,False,False,False,True,False,False,True,False,False,False,0.1261918454423857,2,-1
12,2930,2,1,27,1,1,1,0,True,False,False,False,True,False,False,False,False,False,True,False,False,False,False,False,False,False,False,False,False,False,True,False,True,False,False,False,False,False,False,False,False,True,True,False,False,True,False,False,False,0.22358714905927218,1,-1
24,1927,3,2,33,2,1,1,0,False,False,True,False,False,False,True,False,False,False,False,False,False,True,False,False,False,False,False,True,False,True,False,False,True,False,False,False,False,False,True,False,False,True,True,False,False,True,False,True,False,0.1177607894428946,2,-1
36,2820,4,4,27,2,1,2,1,True,False,False,False,False,False,True,False,False,False,False,False,False,False,False,False,False,False,False,False,True,False,False,False,False,False,False,False,False,False,True,False,False,True,True,False,False,True,False,False,False,0.5407654580915356,2,-1
24,937,4,3,27,2,1,1,0,False,False,True,False,True,False,False,False,False,False,False,False,False,False,True,False,False,False,False,False,True,False,False,False,False,False,True,False,False,False,True,False,False,True,True,False,True,False,False,False,False,0.24097396095182438,1,-1
18,1056,3,3,30,2,1,2,1,True,False,False,False,False,False,True,False,False,False,False,False,False,False,False,False,False,False,False,False,False,False,False,True,False,True,False,False,True,False,False,False,False,False,True,False,False,True,False,False,False,0.31164474120626523,2,-1
12,3124,1,3,49,2,2,1,0,True,False,False,False,False,False,True,False,False,False,False,False,False,False,False,False,False,False,False,False,True,False,False,False,False,True,False,False,False,False,False,False,False,False,True,False,True,False,False,False,False,0.13765068738597086,2,-1
9,1388,4,2,26,1,1,1,0,False,False,True,False,True,False,False,False,False,True,False,False,False,False,False,False,False,False,False,False,False,True,False,False,True,False,False,False,False,False,False,False,False,True,False,False,False,True,False,False,False,0.15276245361011848,1,-1
36,2384,4,1,33,1,1,2,1,True,False,False,False,True,False,False,False,False,False,False,False,True,False,False,False,False,False,False,False,True,False,False,False,False,True,False,False,False,False,False,True,False,True,False,False,True,False,False,False,False,0.5405832687740462,1,-1
12,2133,4,4,52,1,1,1,0,False,False,True,False,True,False,False,False,False,False,False,False,False,False,False,False,False,False,False,True,False,False,False,True,True,False,False,False,False,False,False,True,False,True,False,True,False,False,True,True,False,0.13651432955330947,1,-1
18,2039,1,4,20,1,1,2,1,False,False,False,False,True,False,False,False,False,True,False,False,False,False,False,False,False,False,False,False,False,True,False,False,True,False,False,False,False,False,False,False,False,False,False,False,False,True,False,False,False,0.4880845912607417,1,-1
9,2799,2,2,36,2,2,1,0,False,False,False,False,False,False,True,False,False,False,False,False,False,False,False,False,False,False,False,False,False,True,False,False,False,True,False,False,False,False,False,False,False,True,False,False,False,True,False,False,False,0.13761722851740762,2,-1
12,1289,4,1,21,1,1,1,0,False,False,False,False,True,False,False,False,False,True,False,False,False,False,False,False,False,False,False,False,False,True,False,False,False,True,False,False,True,True,False,False,False,True,True,False,True,False,False,False,False,0.49104033920507395,1,-1
18,1217,4,3,47,1,1,2,1,False,False,False,False,True,False,False,False,False,False,False,True,False,False,False,False,False,False,False,False,False,True,False,False,False,False,True,False,False,False,False,False,False,True,True,False,True,False,False,True,False,0.49410041173887936,1,-1
12,2246,3,3,60,2,1,2,1,False,False,False,False,False,False,True,False,False,True,False,False,False,False,False,False,False,False,False,False,False,False,False,True,False,True,False,False,False,True,False,False,False,True,True,False,False,True,False,False,False,0.11148025572028376,2,-1
12,385,4,3,58,4,1,1,0,False,False,False,False,False,False,True,False,False,False,True,False,False,False,False,False,False,False,False,False,False,False,True,False,True,False,False,False,False,False,False,False,False,True,True,False,True,False,False,True,False,0.1407889230161044,2,-1
24,1965,4,4,42,2,1,1,0,True,False,False,False,False,True,False,False,False,False,False,False,False,False,False,False,False,False,False,True,False,True,False,False,True,False,False,False,False,False,True,False,False,True,False,False,False,True,False,True,False,0.5786629713165017,1,-1
21,1572,4,4,36,1,1,1,0,False,False,True,False,True,False,False,False,False,False,False,False,False,False,False,True,False,False,True,False,False,False,False,True,True,False,False,False,False,False,False,False,False,False,True,False,True,False,False,False,False,0.0865447734468149,1,-1
24,2718,3,4,20,1,1,2,1,True,False,False,False,True,False,False,False,False,False,False,False,False,False,False,False,False,False,False,False,False,True,False,False,True,False,False,False,False,True,False,False,False,True,False,False,True,False,False,True,False,0.540611457826402,1,-1
24,1358,4,3,40,1,1,2,1,False,False,False,True,False,False,False,False,True,False,False,False,False,False,False,False,False,False,False,True,False,False,False,True,False,True,False,False,False,False,True,False,True,False,True,False,False,False,True,True,False,0.5402257062182316,3,-1
6,931,1,1,32,1,1,2,1,True,False,False,True,False,False,False,False,False,False,False,False,False,False,False,False,True,False,False,False,True,False,False,False,True,False,False,False,False,True,False,False,True,False,True,False,True,False,False,False,False,0.540785366568692,3,-1
24,1442,4,4,23,2,1,2,1,False,False,False,False,True,False,False,False,False,False,False,False,False,False,False,False,False,False,False,False,False,False,True,False,True,False,False,False,False,False,True,False,False,True,False,False,False,True,False,False,False,0.5940960030129698,1,-1
24,4241,1,4,36,3,1,2,1,True,False,False,False,False,False,False,False,False,False,False,False,False,False,False,True,False,False,False,False,False,True,False,False,False,True,False,False,False,False,False,False,False,True,True,False,True,False,False,True,False,0.4764506934980611,2,-1
18,2775,2,2,31,2,1,2,1,False,False,True,False,False,False,True,False,False,False,False,False,False,False,False,False,False,False,False,False,False,False,True,False,False,True,False,False,False,True,False,False,False,False,True,False,False,True,False,False,False,0.10783347404290462,2,-1
24,3863,1,2,32,1,1,1,0,False,False,True,False,False,True,False,False,False,False,False,False,False,False,False,True,False,False,False,False,False,True,False,False,False,True,False,False,False,False,False,True,False,True,False,True,False,True,False,False,False,0.10969719499182516,1,-1
7,2329,1,1,45,1,1,1,0,True,False,False,False,True,False,False,False,False,False,True,False,False,False,False,False,False,False,False,False,True,False,False,False,True,False,False,False,True,False,False,False,False,True,True,False,False,True,False,False,False,0.20236211188875267,1,-1
9,918,4,1,30,1,1,2,1,True,False,False,False,True,False,False,False,False,True,False,False,False,False,False,False,False,False,False,False,False,True,False,False,True,False,False,False,False,True,False,False,False,True,True,False,False,True,False,False,False,0.4423452799312068,1,-1
24,1837,4,4,34,1,1,2,1,True,False,False,True,False,False,False,False,False,False,False,False,False,True,False,False,False,False,False,False,False,False,True,False,True,False,False,False,False,False,False,True,False,False,False,True,True,False,False,False,False,0.5648256178546628,3,-1
36,3349,4,2,28,1,1,2,1,False,False,True,False,True,False,False,False,False,True,False,False,False,False,False,False,False,False,False,False,False,True,False,False,True,False,False,False,False,False,True,False,False,True,True,False,False,False,True,True,False,0.16067604827955578,1,-1
10,1275,4,2,23,1,1,1,0,False,True,False,False,True,False,False,False,False,True,False,False,False,False,False,False,False,False,False,False,True,False,False,False,True,False,False,False,False,True,False,False,False,True,True,False,False,True,False,False,False,0.4880425682421281,1,-1
24,2828,4,4,22,1,1,1,0,False,False,False,True,False,False,False,False,False,True,False,False,False,False,False,False,False,True,False,False,False,True,False,False,False,True,False,False,False,False,False,False,True,False,True,False,False,True,False,True,False,0.4842196637964463,3,-1
24,4526,3,2,74,1,1,1,0,False,False,True,False,False,False,True,False,False,False,False,False,False,False,False,True,False,False,False,False,False,True,False,False,False,True,False,False,False,False,False,False,False,True,True,False,False,False,True,True,False,0.13767301260177361,2,-1
36,2671,4,4,50,1,1,2,1,True,False,False,False,True,False,False,False,False,False,True,False,False,False,False,False,True,False,False,False,False,True,False,False,True,False,False,True,False,False,False,True,False,True,False,True,False,True,False,False,False,0.5690927319162605,0,-1
18,2051,4,1,33,1,1,1,0,False,False,True,False,True,False,False,False,False,False,True,False,False,False,False,False,False,False,False,False,True,False,False,False,False,True,False,False,False,False,False,False,False,True,True,False,False,True,False,False,False,0.13847662399066651,1,-1
15,1300,4,4,45,1,2,1,0,False,False,True,False,True,False,False,True,False,False,False,False,False,False,False,False,False,False,False,True,False,False,False,True,False,True,False,False,False,False,False,True,False,False,False,True,False,True,False,False,False,0.23612436262944295,1,-1
12,741,4,3,22,1,1,2,1,False,False,False,False,True,False,False,False,False,False,False,True,False,False,False,False,True,False,False,False,False,False,False,False,True,False,False,False,False,True,False,False,False,True,True,False,False,True,False,False,False,0.5202643249812289,1,1
10,1240,1,4,48,1,2,2,1,False,True,False,False,True,False,False,False,False,False,False,False,False,False,False,False,True,False,False,False,False,False,False,True,True,False,False,False,False,False,False,True,False,True,False,True,True,False,False,False,False,0.3368136134955219,1,-1
21,3357,4,2,29,1,1,1,0,False,False,False,False,True,False,False,False,False,False,True,False,False,False,False,False,False,False,True,False,True,False,False,False,True,False,False,False,False,False,True,False,False,False,True,False,False,True,False,False,False,0.13763120237325824,1,-1
24,3632,1,4,22,1,1,1,0,False,False,False,True,False,False,False,True,False,False,False,False,False,False,False,False,False,False,False,False,False,True,False,False,True,False,False,False,True,False,True,False,False,False,False,False,False,True,False,False,True,0.45742519981427143,3,-1
18,1808,4,1,22,1,1,2,1,False,False,True,False,False,True,False,False,False,True,False,False,False,False,False,False,False,False,False,False,False,False,True,False,True,False,False,False,False,False,False,False,False,True,True,False,False,True,False,False,False,0.15102292730989778,1,-1
48,12204,2,2,48,1,1,1,0,True,False,False,False,False,False,False,False,False,False,False,False,False,False,False,True,False,False,False,True,False,True,False,False,False,True,False,False,False,False,True,False,False,False,True,False,False,False,True,True,False,0.5061043824809276,0,-1
60,9157,2,2,27,1,1,1,0,True,False,False,False,False,True,False,False,False,False,True,False,False,False,False,False,False,False,False,True,False,True,False,False,False,True,False,False,False,False,False,True,False,True,False,True,False,False,True,False,False,0.3114825278177787,0,-1
6,3676,1,3,37,3,2,1,0,False,False,False,False,False,False,True,False,False,False,False,False,False,False,False,False,False,False,False,False,False,True,False,False,False,True,False,False,False,False,False,False,False,True,False,False,False,True,False,False,False,0.14225949634865837,2,-1
30,3441,2,4,21,1,1,2,1,True,False,False,False,True,False,False,False,False,True,False,False,False,False,False,False,True,False,False,False,False,True,False,False,True,False,False,True,False,False,True,False,False,True,False,False,False,True,False,False,False,0.513100470524814,1,-1
12,640,4,2,49,1,1,1,0,False,False,True,False,True,False,False,False,False,False,False,False,False,False,False,False,False,False,False,False,False,True,False,False,False,False,False,False,False,False,False,False,False,True,True,False,True,False,False,False,False,0.12797511140639206,1,-1
21,3652,2,3,27,2,1,1,0,True,False,False,False,False,False,True,False,False,False,False,False,False,False,False,True,False,False,False,False,False,False,True,False,False,True,False,False,False,True,False,False,False,True,True,False,False,True,False,False,False,0.34214613113972764,2,-1
18,1530,3,2,32,2,1,2,1,False,False,True,False,False,False,True,False,False,False,False,False,False,False,False,False,False,False,False,False,False,True,False,False,False,True,False,False,False,True,False,False,False,False,True,False,False,True,False,False,False,0.11141715577120385,2,-1
48,3914,4,2,38,1,1,2,1,False,False,True,False,True,False,False,False,False,False,False,False,False,False,False,True,False,False,False,True,False,True,False,False,False,False,False,False,False,False,False,False,False,False,True,False,False,True,False,False,False,0.21238753344062114,0,-1
12,1858,4,1,22,1,1,1,0,False,False,False,False,True,False,False,False,False,True,False,False,False,False,False,False,False,False,False,False,True,False,False,False,True,False,False,False,False,False,True,False,False,True,False,False,False,True,False,False,False,0.49034337424695407,1,-1
18,2600,4,4,65,2,1,2,1,False,False,False,False,True,False,False,False,False,False,True,False,False,False,False,False,False,False,False,False,False,True,False,False,False,True,False,False,False,False,False,True,False,True,False,True,False,True,False,False,False,0.5312514574296087,2,-1
15,1979,4,2,35,1,1,1,0,False,False,True,False,True,False,False,False,False,False,True,False,False,False,False,False,False,False,False,True,False,False,False,True,False,True,False,False,False,False,True,False,False,True,True,False,False,True,False,False,False,0.12216033044603763,1,-1
6,2116,2,2,41,1,1,1,0,False,True,False,False,True,False,False,False,False,True,False,False,False,False,False,False,False,False,False,False,False,True,False,False,False,True,False,False,False,False,False,False,False,True,True,False,False,True,False,True,False,0.14328990073835612,1,-1
9,1437,2,3,29,1,1,2,1,True,False,False,True,False,False,False,False,False,False,False,False,False,False,False,False,True,False,False,False,False,False,True,False,False,True,False,False,False,False,False,True,False,True,True,False,False,True,False,False,False,0.5406651567058232,3,-1
42,4042,4,4,36,2,1,1,0,False,False,True,False,False,False,True,False,False,True,False,False,False,False,False,False,False,True,False,False,False,True,False,False,False,True,False,False,False,False,False,False,False,True,True,False,False,True,False,True,False,0.12466994428971352,2,-1
9,3832,1,4,64,1,1,1,0,False,False,True,False,True,False,False,False,False,False,False,False,False,True,False,False,False,False,False,True,False,False,False,True,False,True,False,False,False,False,False,False,False,True,True,False,True,False,False,False,False,0.1177824045962969,1,-1
24,3660,2,4,28,1,1,1,0,False,False,False,False,True,False,False,False,False,False,True,False,False,False,False,False,False,False,False,False,False,True,False,False,True,False,False,False,False,False,True,False,False,True,True,False,False,True,False,False,False,0.3816780534679845,1,-1
18,1553,4,3,44,1,1,2,1,False,False,False,True,False,False,False,False,False,True,False,False,False,False,False,False,False,False,False,False,False,True,False,False,False,True,False,False,False,False,True,False,False,False,True,False,False,True,False,False,False,0.5407896928980201,3,-1
15,1444,4,1,23,1,1,1,0,True,False,False,False,True,False,False,False,False,False,True,False,False,False,False,False,False,False,False,True,True,False,False,False,False,True,False,False,False,True,False,False,False,True,True,False,False,True,False,False,False,0.42681067446801346,1,-1
9,1980,2,2,19,2,1,2,1,False,False,True,False,True,False,False,False,False,True,False,False,False,False,False,False,False,False,False,False,True,False,False,False,True,False,False,True,False,False,True,False,False,True,False,False,False,True,False,False,False,0.3978525116145414,1,-1
24,1355,3,4,25,1,1,2,1,True,False,False,False,True,False,False,False,False,False,False,False,False,False,False,False,False,False,False,False,True,False,False,False,True,False,False,False,False,False,True,False,False,True,True,False,True,False,False,True,False,0.5892261845548903,1,-1
12,1393,4,4,47,3,2,1,0,False,False,True,False,True,False,False,False,False,False,False,False,False,True,False,False,False,False,False,False,False,False,False,True,False,True,False,False,False,True,False,False,False,False,True,False,False,True,False,True,False,0.1609277887980869,2,-1
24,1376,4,1,28,1,1,1,0,False,False,True,False,True,False,False,False,False,False,True,False,False,False,False,False,False,True,False,False,False,False,True,False,True,False,False,False,False,False,True,False,False,True,True,False,False,True,False,False,False,0.15015435388696366,1,-1
60,15653,2,4,21,2,1,1,0,False,False,True,False,False,True,False,False,False,False,True,False,False,False,False,False,False,False,False,False,False,False,True,False,False,True,False,False,False,False,True,False,False,True,True,False,False,True,False,True,False,0.27953787650166195,0,-1
12,1493,4,3,34,1,2,1,0,False,False,True,False,True,False,False,False,False,False,True,False,False,False,False,False,False,False,False,False,True,False,False,False,True,False,False,False,False,False,True,False,False,True,True,False,False,True,False,False,False,0.34442227589141045,1,-1
42,4370,3,2,26,2,2,2,1,False,False,False,False,False,True,False,False,False,False,True,False,False,False,False,False,False,False,False,False,False,False,True,False,False,True,False,False,False,True,False,False,False,False,True,False,False,True,False,True,False,0.540730402149515,0,-1
18,750,4,1,27,1,1,2,1,False,False,False,False,True,False,False,False,False,False,False,False,False,True,False,False,False,False,False,False,False,False,False,False,True,False,False,False,False,False,False,False,False,True,True,False,False,False,False,False,False,0.5406151322331301,1,-1
15,1308,4,4,38,2,1,1,0,True,False,False,False,True,False,False,False,False,False,False,False,True,False,False,False,False,False,False,False,False,False,False,True,False,True,False,False,False,False,True,False,False,True,True,False,True,False,False,False,False,0.30624800421421383,1,-1
15,4623,3,2,40,1,1,2,1,False,False,True,False,True,False,False,False,False,False,False,False,False,True,False,False,True,False,False,False,False,True,False,False,False,True,False,False,False,True,False,False,False,True,True,False,False,False,True,True,False,0.09733612135148918,1,-1
24,1851,4,2,33,2,1,1,0,False,False,True,False,False,False,True,False,False,False,True,False,False,False,False,False,False,False,False,False,False,False,True,False,False,False,True,False,True,False,True,False,False,True,True,False,False,True,False,True,False,0.1262922376187486,2,-1
18,1880,4,1,32,2,1,1,0,False,False,False,False,False,False,True,False,False,False,True,False,False,False,False,False,False,False,False,False,False,False,True,False,False,False,True,False,False,True,False,False,False,True,True,False,False,False,True,True,False,0.34053758023390107,2,-1
36,7980,4,4,27,2,1,2,1,False,False,True,False,False,True,False,False,False,False,False,False,False,False,False,True,False,False,False,True,True,False,False,False,False,True,False,False,False,False,True,False,False,True,False,False,False,True,False,True,False,0.5407366654991671,0,-1
30,4583,2,2,32,2,1,1,0,False,False,False,False,False,False,False,False,False,True,False,False,False,False,False,False,False,False,False,False,False,True,False,False,False,False,False,False,True,False,False,False,False,True,True,False,False,True,False,False,False,0.4794627144667198,0,-1
12,1386,2,2,26,1,1,2,1,False,False,True,False,True,False,False,False,False,False,False,False,False,False,False,False,False,True,False,False,False,True,False,False,True,False,False,False,False,True,False,False,False,True,True,False,False,True,False,False,False,0.09035963769217786,1,-1
24,947,4,3,38,1,2,2,1,False,True,False,False,True,False,False,False,False,False,False,False,False,False,False,False,False,False,False,False,False,False,True,False,False,True,False,False,False,False,False,True,False,False,False,True,False,True,False,False,False,0.6216886342766723,1,-1
12,684,4,4,40,1,2,2,1,False,False,False,False,True,False,False,False,False,False,False,False,False,True,False,False,False,False,False,False,False,True,False,False,False,True,False,False,False,False,True,False,False,True,False,False,True,False,False,False,False,0.5407210460470203,1,-1
48,7476,4,1,50,1,1,1,0,False,False,False,False,True,False,False,False,False,False,False,False,False,True,False,False,False,False,False,False,False,False,True,False,False,True,False,False,False,False,False,True,False,True,False,True,False,False,True,True,False,0.440493929188491,0,-1
12,1922,4,2,37,1,1,2,1,True,False,False,False,True,False,False,False,False,True,False,False,False,False,False,False,False,False,False,False,False,True,False,False,False,True,False,False,False,True,False,False,False,True,True,False,True,False,False,False,False,0.4582948974261768,1,-1
24,2303,4,1,45,1,1,2,1,False,False,False,False,True,False,False,False,False,False,False,False,False,False,False,False,False,False,False,False,False,False,False,True,False,True,False,True,False,False,False,False,False,True,True,False,False,True,False,False,False,0.5462850368474766,1,-1
36,8086,2,4,42,4,1,2,1,True,False,False,False,False,True,False,False,False,False,False,False,False,False,False,False,True,False,False,False,False,False,False,True,False,True,False,False,False,False,True,False,False,True,True,False,False,False,True,True,False,0.43484380301736364,0,-1
24,2346,4,3,35,2,1,1,0,False,False,True,False,False,False,True,True,False,False,False,False,False,False,False,False,False,False,False,False,False,False,True,False,False,True,False,False,False,False,True,False,False,True,True,False,False,True,False,True,False,0.097267015761812,2,-1
14,3973,1,4,22,1,1,1,0,False,False,False,False,True,False,False,False,False,False,False,False,False,False,False,False,False,False,False,False,False,False,False,False,False,True,False,False,False,False,False,True,False,True,False,True,False,True,False,False,False,0.3997284439479005,1,-1
12,888,4,4,41,1,2,2,1,True,False,False,False,True,False,False,False,False,False,False,False,False,False,False,False,False,False,False,False,False,False,False,True,False,True,False,False,False,False,True,False,False,False,True,False,True,False,False,False,False,0.540622674324858,1,-1
48,10222,4,3,37,1,1,1,0,False,False,True,False,True,False,False,False,False,False,True,False,False,False,False,False,False,False,False,True,False,False,True,False,False,True,False,False,False,False,True,False,True,False,True,False,False,True,False,True,False,0.2171430796206398,0,-1
30,4221,2,1,28,2,1,1,0,True,False,False,False,False,False,False,False,False,False,False,False,False,False,False,True,False,False,False,False,False,True,False,False,True,False,False,False,False,False,True,False,False,True,True,False,False,True,False,False,False,0.4515083387921635,1,-1
18,6361,2,1,41,1,1,1,0,True,False,False,False,False,False,True,False,False,True,False,False,False,False,False,False,False,False,False,False,False,False,False,True,False,True,False,False,False,False,False,True,False,True,True,False,False,True,False,True,False,0.2646826576622823,2,-1
12,1297,3,4,23,1,1,1,0,False,True,False,False,True,False,False,False,False,False,True,False,False,False,False,False,False,False,False,False,False,True,False,False,False,False,True,False,False,False,False,False,False,True,False,False,False,True,False,False,False,0.5,1,-1
12,900,4,2,23,1,1,2,1,False,False,False,False,True,False,False,False,False,False,False,False,False,False,False,False,False,False,False,True,False,True,False,False,False,False,True,False,False,False,True,False,False,True,True,False,False,True,False,False,False,0.5335374798060054,1,-1
21,2241,4,2,50,2,1,1,0,False,False,True,False,True,False,False,False,False,True,False,False,False,False,False,False,False,False,False,False,False,False,False,True,False,True,False,False,False,False,False,False,False,True,True,False,False,True,False,False,False,0.13562701764483642,2,-1
6,1050,4,1,35,2,1,1,0,True,False,False,False,False,True,False,False,False,True,False,False,False,False,False,False,False,False,False,False,False,False,False,False,False,True,False,False,False,True,False,False,True,False,True,False,False,False,True,True,False,0.3352374169363007,1,-1
6,1047,2,4,50,1,1,1,0,False,True,False,False,False,False,True,False,False,False,False,False,False,True,False,False,False,False,False,False,False,True,False,False,True,False,False,False,False,True,False,False,False,True,True,False,True,False,False,False,False,0.10810378331438276,2,-1
24,6314,4,2,27,2,1,1,0,False,False,True,False,False,False,True,False,True,False,False,False,False,False,False,False,False,False,False,False,False,False,False,False,False,True,False,True,False,False,False,True,False,False,True,False,False,False,True,True,False,0.16404583831106173,2,-1
30,3496,4,2,34,1,2,1,0,True,False,False,True,False,False,False,False,False,True,False,False,False,False,False,False,False,False,True,False,False,True,False,False,False,True,False,False,False,False,True,False,True,False,True,False,False,True,False,True,False,0.2158913742679582,3,-1
48,3609,1,1,27,1,1,1,0,False,False,True,True,False,False,False,False,False,False,False,False,False,False,False,True,False,False,False,False,False,True,False,False,True,False,False,False,False,False,False,False,True,False,True,False,False,True,False,False,False,0.21590923752708513,3,-1
12,4843,3,4,43,2,1,2,1,False,False,False,False,False,False,True,False,False,False,False,False,False,False,False,False,False,False,False,False,False,False,False,True,False,True,False,True,False,True,False,False,False,True,False,False,False,True,False,True,False,0.2699995645920008,2,-1
30,3017,4,4,47,1,1,1,0,False,True,False,False,False,False,True,False,False,False,True,False,False,False,False,False,False,False,False,False,False,False,False,True,False,True,False,False,False,True,False,False,False,True,True,False,False,True,False,False,False,0.2754779050203247,2,-1
24,4139,3,3,27,2,1,1,0,False,False,True,False,False,False,True,False,False,False,False,False,False,False,False,True,True,False,False,False,False,True,False,False,False,True,False,False,False,True,False,False,False,True,True,False,True,False,False,True,False,0.1260728696073795,2,-1
36,5742,2,2,31,2,1,1,0,False,False,True,False,True,False,False,False,False,False,False,False,False,False,False,True,True,False,False,False,False,False,True,False,False,True,False,False,False,False,True,False,False,True,True,False,False,True,False,True,False,0.20256591948939182,0,-1
60,10366,2,4,42,1,1,1,0,False,False,True,False,True,False,False,False,False,False,False,False,False,False,False,False,False,False,False,False,False,False,False,True,False,True,False,False,False,True,False,False,False,True,True,False,False,False,True,True,False,0.15756499683667413,0,-1
6,2080,1,2,24,1,1,1,0,False,False,True,False,False,False,True,False,False,False,False,False,False,False,False,False,False,True,False,False,False,True,False,False,False,False,True,False,False,False,True,False,False,True,True,False,False,True,False,False,False,0.09038947347629679,2,-1
21,2580,4,2,41,1,2,2,1,False,False,True,False,False,True,False,False,False,False,False,False,False,False,False,True,False,True,False,False,True,False,False,False,False,True,False,False,False,False,False,False,False,False,True,False,True,False,False,False,False,0.4017311544683363,1,-1
30,4530,4,4,26,1,1,1,0,False,False,True,False,False,False,True,False,False,False,True,False,False,False,False,False,False,False,False,False,False,False,True,False,True,False,False,False,False,False,True,False,False,True,False,False,False,False,True,True,False,0.16212510291223134,2,-1
24,5150,4,4,33,1,1,1,0,False,False,True,False,False,False,True,False,False,True,False,False,False,False,False,False,False,False,False,False,False,False,False,True,False,True,False,False,False,False,True,False,False,True,True,False,False,True,False,True,False,0.0949099521770375,2,-1
72,5595,2,2,24,1,1,2,1,True,False,False,False,True,False,False,False,False,False,True,False,False,False,False,False,True,False,False,False,False,True,False,False,False,False,True,False,False,False,True,False,False,True,True,False,False,True,False,False,False,0.40436126400646255,0,-1
24,2384,4,4,64,1,1,1,0,False,False,False,False,True,False,False,False,False,False,True,False,False,False,False,False,False,False,False,False,False,False,False,True,False,True,False,False,False,False,False,False,False,False,False,False,True,False,False,False,False,0.5,1,-1
18,1453,3,1,26,1,1,1,0,False,False,True,False,True,False,False,False,False,False,True,False,False,False,False,False,False,False,False,False,True,False,False,False,True,False,False,False,False,False,False,False,False,True,True,False,False,True,False,False,False,0.14074288634709695,1,-1
6,1538,1,2,56,1,1,1,0,False,False,True,False,True,False,False,False,False,False,False,False,False,True,False,False,False,False,False,False,True,False,False,False,True,False,False,False,False,False,False,True,False,True,True,False,False,True,False,False,False,0.11563594302930466,1,-1
12,2279,4,4,37,1,1,1,0,False,False,True,False,True,False,False,False,False,False,True,False,False,False,False,False,False,False,False,True,False,True,False,False,False,True,False,False,False,False,False,True,False,True,False,True,False,True,False,True,False,0.13258397749153247,1,-1
15,1478,4,3,33,2,1,1,0,False,False,True,False,False,True,False,False,False,False,True,False,False,False,False,False,False,False,False,False,False,True,False,False,False,False,True,False,False,False,False,False,False,False,True,False,False,True,False,False,False,0.1203354149659887,1,-1
24,5103,3,3,47,3,1,1,0,False,False,True,False,False,False,True,False,False,False,True,False,False,False,False,False,False,False,False,False,True,False,False,False,False,False,True,False,False,False,False,True,False,True,False,True,False,True,False,True,False,0.3020347848778218,2,-1
36,9857,1,3,31,2,2,1,0,True,False,False,False,False,True,False,False,False,False,False,False,False,False,False,True,True,False,False,False,False,False,True,False,False,True,False,False,False,True,False,False,False,True,True,False,True,False,False,True,False,0.4780019598889739,0,-1
60,6527,4,4,34,1,2,1,0,False,False,True,False,True,False,False,False,False,False,False,False,False,False,False,False,False,False,False,True,False,True,False,False,False,True,False,False,False,False,False,True,False,True,False,True,False,True,False,True,False,0.19192274805054718,0,-1
10,1347,4,2,27,2,1,1,0,False,True,False,False,False,False,True,False,False,False,True,False,False,False,False,False,False,False,False,True,False,False,True,False,False,True,False,False,False,True,False,False,False,True,True,False,False,True,False,True,False,0.29976693204206933,2,-1
36,2862,4,3,30,1,1,1,0,True,False,False,False,False,True,False,False,False,False,False,False,False,False,False,False,True,False,False,False,False,False,False,True,False,True,False,False,False,False,False,True,False,True,False,True,False,True,False,False,False,0.5668130524101792,1,-1
9,2753,3,4,35,1,1,1,0,False,False,True,False,True,False,False,False,False,False,True,False,False,False,False,False,True,False,False,False,False,False,False,True,False,True,False,True,False,False,True,False,False,True,True,False,False,True,False,True,False,0.08636282949254875,1,-1
12,3651,1,3,31,1,2,1,0,False,False,False,False,True,False,False,False,False,False,False,False,False,False,False,False,False,False,True,False,False,True,False,False,False,True,False,False,False,True,False,False,False,True,True,False,False,True,False,False,False,0.13763971959146754,1,-1
15,975,2,3,25,2,1,1,0,False,False,False,False,False,False,True,False,False,True,False,False,False,False,False,False,False,False,False,False,False,True,False,False,False,False,False,False,False,True,False,False,False,True,True,False,False,True,False,False,False,0.3113932934666041,2,-1
15,2631,3,2,25,1,1,1,0,True,False,False,False,True,False,False,False,False,False,False,False,True,False,False,False,True,False,False,False,False,True,False,False,True,False,False,False,False,False,False,False,False,True,True,False,True,False,False,False,False,0.4058434875512769,1,-1
24,2896,2,1,29,1,1,1,0,True,False,False,False,True,False,False,False,False,False,True,False,False,False,False,False,True,False,False,False,True,False,False,False,False,True,False,False,False,False,True,False,False,True,True,False,False,True,False,False,False,0.43798641158535784,1,-1
6,4716,1,3,44,2,2,1,0,False,False,False,False,False,False,True,False,False,False,False,False,False,False,False,False,False,False,False,True,True,False,False,False,False,True,False,False,False,False,False,False,False,True,True,False,True,False,False,False,False,0.11749685392432449,2,-1
24,2284,4,2,28,1,1,1,0,False,False,True,False,True,False,False,False,False,False,True,False,False,False,False,False,False,False,False,False,False,False,True,False,False,True,False,False,False,False,True,False,False,True,True,False,False,True,False,True,False,0.13767960977589533,1,-1
6,1236,2,4,50,1,1,1,0,False,False,True,False,True,False,False,True,False,False,False,False,False,False,False,False,False,True,False,False,False,True,False,False,False,True,False,False,False,True,False,False,False,True,False,False,False,True,False,False,False,0.10815987135207862,1,-1
12,1103,4,3,29,2,1,1,0,True,False,False,False,True,False,False,False,False,False,True,False,False,False,False,False,False,False,False,False,False,False,True,False,False,True,False,False,True,False,False,False,False,True,True,False,False,True,False,False,True,0.385560378187533,1,-1
12,926,1,2,38,1,1,1,0,False,False,True,False,False,False,True,False,False,False,False,False,False,False,False,False,False,False,False,False,False,False,False,False,True,False,False,False,False,True,False,False,False,True,True,False,False,False,False,False,False,0.0805635999492761,2,-1
18,1800,4,2,24,2,1,1,0,False,False,True,False,False,False,True,False,False,False,True,False,False,False,False,False,False,False,False,False,False,True,False,False,False,True,False,False,False,False,True,False,False,True,True,False,False,True,False,False,False,0.15848746600705418,2,-1
15,1905,4,4,40,1,1,1,0,False,True,False,False,True,False,False,False,False,False,False,False,False,True,False,False,False,False,False,False,False,False,False,True,False,True,False,False,False,False,True,False,False,True,False,False,False,False,True,True,False,0.45490825078676284,1,-1
12,1123,4,4,29,1,1,2,1,False,False,True,False,True,False,False,False,False,True,False,False,False,False,False,False,False,True,False,False,False,True,False,False,True,False,False,False,False,False,True,False,False,True,False,False,True,False,False,False,False,0.1605213254494781,1,-1
48,6331,4,4,46,2,1,2,1,False,False,False,False,False,False,True,True,False,False,False,False,False,False,False,False,False,False,False,False,False,False,False,True,False,True,False,False,False,False,False,True,False,True,False,True,False,True,False,True,False,0.5751156567156834,0,-1
24,1377,4,2,47,1,1,1,0,False,True,False,False,True,False,False,False,False,False,True,False,False,False,False,False,True,False,False,False,False,False,False,True,True,False,False,False,False,False,False,True,False,True,False,True,False,True,False,True,False,0.519510644424203,1,-1
30,2503,4,2,41,2,1,1,0,True,False,False,False,False,True,False,False,False,False,False,False,False,False,False,True,True,False,False,False,False,False,False,True,False,True,False,False,False,True,False,False,True,False,True,False,False,True,False,False,False,0.5278725542295795,1,-1
27,2528,4,1,32,1,2,1,0,True,False,False,False,True,False,False,False,False,False,False,False,False,False,False,True,False,False,False,False,True,False,False,False,True,False,False,False,False,True,False,False,False,True,True,False,False,True,False,True,False,0.6141424097088595,1,-1
15,5324,1,4,35,1,1,1,0,False,False,True,False,True,False,False,False,False,False,False,False,False,False,False,False,False,True,False,False,False,False,False,True,True,False,False,False,False,False,False,True,False,True,False,True,False,True,False,False,False,0.12024464005644489,1,-1
48,6560,3,2,24,1,1,2,1,True,False,False,False,True,False,False,False,False,False,False,False,False,False,False,False,True,False,False,False,False,False,True,False,False,True,False,False,False,True,False,False,False,True,True,False,False,True,False,False,False,0.5406760665709146,0,-1
12,2969,4,3,25,2,1,2,1,True,False,False,False,False,False,False,False,False,True,False,False,False,False,False,False,False,False,False,False,True,False,False,False,True,False,False,False,False,True,False,False,False,True,False,False,False,True,False,False,False,0.6156376538188301,1,-1
9,1206,4,4,25,1,1,1,0,True,False,False,False,True,False,False,False,False,False,True,False,False,False,False,False,False,False,False,False,False,False,False,True,True,False,False,False,False,False,False,False,False,True,True,False,False,True,False,False,False,0.3927946518026869,1,-1
9,2118,2,2,37,1,2,1,0,True,False,False,False,True,False,False,False,False,False,True,False,False,False,False,False,False,False,False,False,False,True,False,False,False,True,False,False,False,False,False,False,False,True,True,False,True,False,False,False,False,0.20904484929888215,1,-1
18,629,4,3,32,2,1,1,0,False,False,True,False,False,False,True,False,False,False,True,False,False,False,False,False,False,True,False,False,False,False,False,True,False,True,False,False,False,True,False,False,False,False,True,False,False,False,True,True,False,0.11805653173773088,2,-1
6,1198,4,4,35,1,1,2,1,False,False,False,True,False,False,False,False,False,False,False,False,False,True,False,False,False,False,False,False,False,False,False,True,True,False,False,False,False,False,False,True,False,True,False,True,False,True,False,False,False,0.5407704790927631,3,-1
21,2476,4,4,46,1,1,1,0,False,False,True,False,True,False,False,True,False,False,False,False,False,False,False,False,False,False,False,True,False,False,False,True,False,True,False,False,False,False,False,False,False,True,True,False,False,False,True,True,False,0.11467384187737745,1,-1
9,1138,4,4,25,2,1,1,0,False,False,False,False,False,False,True,False,False,False,True,False,False,False,False,False,False,False,False,False,False,True,False,False,False,True,False,False,False,False,False,False,False,True,True,False,True,False,False,False,False,0.20383962212959908,2,-1
60,14027,4,2,27,1,1,2,1,True,False,False,False,True,False,False,False,False,False,False,False,False,False,False,False,False,False,False,False,False,False,True,False,False,True,False,False,False,False,False,True,False,True,True,False,False,False,True,True,False,0.5407406209491294,0,-1
30,7596,1,4,63,2,1,1,0,False,False,True,False,False,False,True,True,False,False,False,False,False,False,False,False,False,False,False,True,False,False,False,True,False,True,False,False,False,False,True,False,False,True,True,False,False,True,False,False,False,0.18709919587554236,2,-1
30,3077,3,2,40,2,2,1,0,False,False,True,False,False,False,True,False,False,False,True,False,False,False,False,False,False,False,False,True,False,False,False,True,False,True,False,False,False,False,True,False,False,True,True,False,False,True,False,True,False,0.11113150446255797,2,-1
18,1505,4,2,32,1,1,1,0,False,False,True,False,True,False,False,False,False,False,True,False,False,False,False,False,False,False,False,False,False,True,False,False,False,True,False,False,False,False,False,True,False,True,False,True,False,False,True,True,False,0.14291559206554838,1,-1
24,3148,3,2,31,2,1,1,0,False,True,False,False,False,False,True,False,False,False,True,False,False,False,False,False,False,False,False,True,False,True,False,False,False,True,False,False,False,False,True,False,False,True,True,False,False,True,False,True,False,0.369104250398457,2,-1
20,6148,3,4,31,2,1,1,0,True,False,False,False,False,False,False,True,False,False,False,False,False,False,False,False,True,False,False,False,False,False,False,True,False,False,True,False,False,False,True,False,False,False,True,False,False,True,False,True,False,0.3412739342161256,0,-1
9,1337,4,2,34,2,1,2,1,False,True,False,False,False,False,False,False,False,False,True,False,False,False,False,False,False,False,False,False,True,False,False,False,False,True,False,False,False,False,True,False,False,True,True,False,False,False,True,True,False,0.5311915298774316,1,-1
6,433,4,2,24,1,2,2,1,True,False,False,True,False,False,False,False,False,False,False,False,False,True,False,False,False,False,True,False,True,False,False,False,True,False,False,False,False,True,False,False,False,False,False,False,False,True,False,False,False,0.540721622101373,3,-1
12,1228,4,2,24,1,1,2,1,False,False,False,False,True,False,False,False,False,False,False,False,False,False,False,False,False,False,False,False,False,True,False,False,True,False,False,False,False,False,False,False,False,True,True,False,True,False,False,False,False,0.5194519895790604,1,-1
9,790,4,3,66,1,1,1,0,True,False,False,False,True,False,False,False,False,False,True,False,False,False,False,False,False,True,False,False,False,True,False,False,True,False,False,False,False,False,False,False,False,True,True,False,True,False,False,False,False,0.34328418030754104,1,-1
27,2570,3,3,21,1,1,2,1,False,False,True,False,True,False,False,False,False,False,False,False,False,False,False,False,False,False,False,False,False,True,False,False,True,False,False,False,False,False,False,False,False,True,False,False,False,True,False,False,False,0.16042940958311627,1,-1
6,250,2,2,41,2,1,1,0,False,False,True,False,False,False,True,False,False,False,False,False,False,False,False,False,False,False,True,False,False,True,False,False,True,False,False,False,False,False,False,False,False,False,True,False,True,False,False,False,False,0.1423681547964656,2,-1
15,1316,2,2,47,2,1,1,0,False,False,True,False,False,False,True,False,False,False,True,False,False,False,False,False,False,True,False,False,False,True,False,False,False,False,True,False,False,True,False,False,False,True,True,False,True,False,False,False,False,0.08222323331665089,2,-1
18,1882,4,4,25,2,1,2,1,False,False,False,False,True,False,False,False,False,False,True,False,False,False,False,False,False,False,False,False,False,True,False,False,True,False,False,False,False,False,True,False,False,False,False,False,False,True,False,False,False,0.5406995673043897,1,-1
48,6416,4,3,59,1,1,2,1,True,False,False,True,False,False,False,False,False,False,False,False,False,False,False,True,False,False,False,False,False,False,False,True,True,False,False,False,False,False,False,True,False,True,False,False,False,True,False,False,False,0.5406737200809583,3,-1
24,1275,2,4,36,2,1,1,0,False,True,False,False,False,False,True,False,False,False,False,False,False,False,False,True,False,False,True,False,False,True,False,False,False,False,False,False,False,False,False,False,False,True,True,False,False,True,False,True,False,0.14521480177801255,2,-1
24,6403,1,2,33,1,1,1,0,True,False,False,False,False,True,False,False,False,False,True,False,False,False,False,False,False,False,False,False,True,False,False,False,False,True,False,False,False,False,True,False,False,True,True,False,False,True,False,False,False,0.4296550853575881,1,-1
24,1987,2,4,21,1,2,2,1,False,False,False,False,True,False,False,False,False,False,True,False,False,False,False,False,False,False,False,False,False,True,False,False,False,True,False,False,False,False,False,False,False,True,False,False,True,False,False,False,False,0.5407429459831777,1,-1
8,760,4,2,44,1,1,1,0,True,False,False,False,True,False,False,False,False,False,True,False,False,False,False,False,False,False,False,False,False,False,True,False,True,False,False,False,True,False,False,False,False,True,True,False,True,False,False,False,False,0.39771494959320586,1,-1
24,2603,2,4,28,1,1,1,0,False,False,True,False,True,False,False,True,False,False,False,False,False,False,False,False,False,False,True,False,False,True,False,False,True,False,False,False,False,False,True,False,False,True,False,False,False,True,False,True,False,0.10290987449037463,1,-1
4,3380,1,1,37,1,2,1,0,False,False,True,False,False,False,True,False,False,False,False,False,False,False,False,False,False,False,False,False,False,False,True,False,True,False,False,False,False,False,False,False,False,True,True,False,False,True,False,False,False,0.0874263213943092,2,-1
36,3990,3,2,29,1,1,1,0,True,False,False,True,False,False,False,False,False,False,False,True,False,False,False,False,False,False,False,True,True,False,False,False,True,False,False,False,False,False,False,True,False,False,True,False,False,False,False,False,False,0.44102579224482785,3,-1
24,11560,1,4,23,2,1,2,1,True,False,False,False,True,False,False,True,False,False,False,False,False,False,False,False,False,False,False,False,False,True,False,False,True,False,False,False,False,False,True,False,False,True,False,False,False,False,True,False,False,0.5407025637496932,0,-1
18,4380,3,4,35,1,2,1,0,False,False,False,False,True,False,False,False,False,False,False,False,False,False,False,False,True,False,False,False,False,True,False,False,False,True,False,False,False,False,True,False,False,True,True,False,True,False,False,True,False,0.38018105994974294,1,-1
6,6761,1,3,45,2,2,1,0,False,False,True,False,False,False,True,False,False,False,False,False,False,False,False,False,False,False,False,False,False,False,True,False,False,True,False,False,False,False,False,True,False,True,True,False,False,False,True,True,False,0.09514554424747902,2,-1
30,4280,4,4,26,2,1,2,1,True,False,False,False,False,False,False,False,False,False,False,False,False,False,False,True,True,False,False,False,False,True,False,False,True,False,False,False,False,False,True,False,False,True,False,False,True,False,False,False,False,0.5868331649918781,0,-1
24,2325,2,3,32,1,1,1,0,False,False,False,True,False,False,False,False,False,False,False,False,False,False,False,False,True,False,False,False,False,False,True,False,False,True,False,False,False,False,True,False,False,False,True,False,False,True,False,False,False,0.5458657379713363,3,-1
10,1048,4,4,23,1,1,1,0,True,False,False,True,False,False,False,False,False,False,True,False,False,False,False,False,False,False,False,False,False,True,False,False,False,True,False,False,False,False,False,False,True,False,True,False,True,False,False,False,False,0.46294075277380564,3,-1
21,3160,4,3,41,1,1,1,0,False,False,True,False,True,False,False,False,False,False,True,False,False,False,False,False,False,False,False,True,False,False,False,True,False,True,False,False,False,True,False,False,False,True,True,False,False,True,False,True,False,0.11631039394656012,1,-1
24,2483,4,4,22,1,1,1,0,False,False,False,True,False,False,False,False,False,True,False,False,False,False,False,False,False,True,False,False,False,True,False,False,False,True,False,False,False,False,False,False,True,False,True,False,False,True,False,True,False,0.4831757074597051,3,-1
39,14179,4,4,30,2,1,1,0,False,False,False,False,False,False,True,False,False,True,False,False,False,False,False,False,False,False,False,True,False,False,True,False,False,True,False,False,False,True,False,False,False,True,True,False,False,False,True,True,False,0.5626404716614153,0,-1
13,1797,3,1,28,2,1,1,0,False,False,False,False,False,False,True,False,False,False,False,False,False,False,False,True,False,False,False,False,True,False,False,False,False,True,False,False,False,True,False,False,False,False,True,False,True,False,False,False,False,0.3171795225661349,2,-1
15,2511,1,4,23,1,1,1,0,False,False,False,False,True,False,False,False,False,False,False,False,False,False,False,False,False,False,False,False,False,False,False,False,True,False,False,False,False,False,True,False,False,True,False,False,False,True,False,False,False,0.43702705462576413,1,-1
12,1274,3,1,37,1,1,2,1,False,False,False,False,True,False,False,False,False,False,False,False,False,False,False,False,False,False,False,False,True,False,False,False,True,False,False,False,False,False,False,False,False,True,True,False,True,False,False,False,False,0.37433226885110055,1,-1
21,5248,1,3,26,1,1,1,0,False,False,True,False,True,False,False,True,False,False,False,False,False,False,False,False,False,False,False,True,False,True,False,False,False,True,False,False,False,False,True,False,False,True,True,False,False,True,False,False,False,0.11691469953335323,1,-1
15,3029,2,2,33,1,1,1,0,False,False,True,False,True,False,False,True,False,False,False,False,False,False,False,False,False,False,False,False,False,False,True,False,False,True,False,False,False,False,True,False,False,True,True,False,False,True,False,False,False,0.07672896054438244,1,-1
6,428,2,1,49,1,1,1,0,False,False,False,False,True,False,False,False,False,True,False,False,False,False,False,False,False,False,False,False,False,False,False,True,True,False,False,False,False,True,False,False,False,False,True,False,False,True,False,True,False,0.13763976267228953,1,-1
18,976,1,2,23,1,1,2,1,False,False,False,False,True,False,False,False,False,False,False,False,False,False,False,False,False,False,False,False,True,False,False,False,True,False,False,False,False,False,True,False,False,True,True,False,True,False,False,False,False,0.5,1,-1
12,841,2,4,23,1,1,1,0,True,False,False,False,True,False,False,False,False,False,False,False,False,False,False,True,True,False,False,False,False,False,True,False,True,False,False,False,False,False,False,False,False,True,False,False,True,False,False,False,False,0.5,1,-1
30,5771,4,2,25,2,1,1,0,False,False,True,False,False,False,True,False,False,False,True,False,False,False,False,False,False,False,False,False,False,False,True,False,True,False,False,False,False,False,True,False,False,True,True,False,False,True,False,False,False,0.1908156139994746,2,-1
12,1555,4,4,55,2,2,2,1,False,False,True,False,False,True,False,False,False,False,False,False,True,False,False,False,False,False,True,False,False,False,False,True,False,True,False,False,False,False,False,True,False,True,False,True,False,True,False,False,False,0.5407514484776998,2,-1
24,1285,4,4,32,1,1,2,1,False,False,False,False,True,False,False,False,False,False,False,False,False,False,False,False,False,False,False,True,False,False,True,False,True,False,False,False,False,False,False,True,False,True,False,False,False,True,False,False,False,0.540625688006005,1,-1
6,1299,1,1,74,3,2,1,0,False,True,False,False,False,False,True,False,False,False,False,False,False,False,False,False,False,False,False,False,False,True,False,False,False,True,False,False,False,False,False,False,False,True,True,False,False,False,False,False,True,0.13764877204290435,2,-1
15,1271,3,4,39,2,1,2,1,False,True,False,False,False,False,True,False,False,False,True,False,False,False,False,False,False,False,False,True,False,True,False,False,False,True,False,False,False,False,False,True,False,True,False,True,False,True,False,True,False,0.3276771542589671,2,-1
24,1393,2,2,31,1,1,1,0,False,False,True,False,True,False,False,False,False,False,False,False,False,False,False,False,False,False,False,False,False,True,False,False,False,True,False,False,True,False,False,False,False,True,True,False,False,True,False,True,False,0.10288671796428529,1,-1
12,691,4,3,35,2,1,2,1,False,False,False,False,False,False,True,False,False,False,False,False,False,False,False,False,False,False,False,False,False,False,False,True,False,True,False,False,False,True,False,False,False,True,True,False,False,True,False,False,False,0.22730901447998692,2,-1
15,5045,1,4,59,1,1,1,0,False,False,True,False,False,False,True,False,False,False,False,False,False,False,False,False,False,False,False,True,False,False,False,True,True,False,False,False,False,False,True,False,False,True,True,False,False,True,False,True,False,0.10597941390988985,2,-1
18,2124,4,4,24,2,1,2,1,False,False,False,False,False,False,True,False,False,True,False,False,False,False,False,False,False,False,False,False,False,True,False,False,True,False,False,False,False,False,False,False,False,True,False,False,False,True,False,False,False,0.3564346712225569,2,-1
12,2214,4,3,24,1,1,1,0,False,False,False,False,True,False,False,False,False,False,True,False,False,False,False,False,False,False,False,False,False,True,False,False,False,True,False,False,False,True,False,False,False,True,True,False,True,False,False,False,False,0.46252438080659486,1,1
21,12680,4,4,30,1,1,2,1,False,False,True,False,False,False,True,False,False,False,False,False,False,False,False,False,False,False,False,True,False,False,False,True,False,True,False,False,False,False,False,True,False,True,False,True,False,False,True,True,False,0.5073470075178069,0,-1
24,2463,4,3,27,2,1,1,0,False,False,True,False,False,False,True,False,False,False,False,False,False,False,False,False,True,False,False,False,False,False,True,False,False,False,True,False,False,True,False,False,False,True,True,False,False,True,False,True,False,0.1335835539452258,2,-1
12,1155,3,3,40,2,1,1,0,True,False,False,False,True,False,False,False,False,False,True,False,False,False,False,False,False,False,False,False,False,False,False,True,False,False,True,False,True,False,False,False,False,False,True,False,True,False,False,False,False,0.2786766575325961,1,-1
30,3108,2,4,31,1,1,2,1,False,False,False,False,True,False,False,False,False,True,False,False,False,False,False,False,False,False,False,False,True,False,False,False,False,False,False,False,False,True,False,False,False,True,True,False,True,False,False,False,False,0.5407731986624458,1,-1
10,2901,1,4,31,1,1,1,0,False,False,True,False,True,False,False,True,False,False,False,False,False,False,False,False,False,False,False,True,True,False,False,False,True,False,False,False,False,False,False,False,False,True,False,False,False,True,False,False,False,0.13764591270196602,1,-1
12,3617,1,4,28,3,1,1,0,True,False,False,False,False,False,True,False,False,True,False,False,False,False,False,False,False,False,False,False,False,False,False,True,False,True,False,False,False,False,True,False,False,True,False,False,False,True,False,True,False,0.3778105321987313,2,-1
12,1655,2,4,63,2,1,1,0,False,False,True,False,False,False,True,False,False,False,True,False,False,False,False,False,False,False,False,False,False,False,False,True,False,True,False,False,False,False,False,False,False,True,True,False,True,False,False,True,False,0.07721120185941811,2,-1
24,2812,2,4,26,1,1,1,0,False,False,False,False,True,False,False,True,False,False,False,False,False,False,False,False,False,False,False,True,False,False,False,True,True,False,False,False,False,False,False,False,False,True,False,False,False,True,False,False,False,0.49335018271979414,1,-1
36,8065,3,2,25,2,1,2,1,False,False,False,False,False,False,True,False,False,False,False,False,False,True,False,False,False,False,False,False,False,True,False,False,True,False,False,False,False,False,False,True,False,True,True,False,False,False,True,True,False,0.5589126813269446,0,-1
21,3275,1,4,36,1,1,1,0,False,False,True,False,False,False,True,True,False,False,False,False,False,False,False,False,False,False,False,False,False,False,False,True,False,True,False,False,False,False,True,False,False,True,True,False,False,False,True,True,False,0.09645203833734455,2,-1
24,2223,4,4,52,2,1,1,0,False,False,True,False,False,False,True,False,False,False,True,False,False,False,False,False,True,False,False,False,False,False,False,True,False,True,False,False,False,True,False,False,False,False,True,False,False,True,False,False,False,0.059864070182212445,2,-1
12,1480,2,4,66,3,1,1,0,False,True,False,False,False,False,True,False,False,False,False,False,False,False,False,False,False,True,False,False,False,False,False,False,False,True,False,False,False,False,False,True,False,False,False,True,False,False,False,False,False,0.2492149251699483,2,-1
24,1371,4,4,25,1,1,2,1,False,False,False,False,True,False,False,False,False,False,False,False,False,False,False,False,False,False,False,True,False,True,False,False,True,False,False,False,False,False,False,False,False,True,False,False,False,True,False,False,False,0.5529439576623929,1,-1
36,3535,4,4,37,2,1,1,0,False,False,True,False,False,False,True,False,False,False,False,False,False,False,False,False,False,False,False,False,False,False,True,False,False,True,False,False,False,False,True,False,False,True,True,False,False,True,False,True,False,0.1002584995197535,2,-1
18,3509,4,1,25,1,1,1,0,False,False,False,False,True,False,False,False,False,False,True,False,False,False,False,False,False,False,False,False,False,False,True,False,True,False,False,False,True,False,False,False,False,True,True,False,False,True,False,False,False,0.47550386805269323,1,-1
36,5711,4,2,38,2,1,1,0,False,False,True,False,False,False,True,True,False,False,False,False,False,False,False,False,False,False,True,False,False,False,False,True,False,True,False,False,False,False,True,False,False,True,True,False,False,False,True,True,False,0.12688741581317517,2,-1
18,3872,2,4,67,1,1,1,0,True,False,False,False,True,False,False,False,False,False,False,False,True,False,False,False,False,False,False,False,False,False,False,False,True,False,False,False,False,False,True,False,False,True,True,False,False,True,False,True,False,0.2869178961113572,1,-1
39,4933,2,2,25,2,1,2,1,True,False,False,False,False,False,True,False,False,False,True,False,False,False,False,False,False,False,False,False,False,False,True,False,False,True,False,False,True,False,False,False,False,True,True,False,False,True,False,False,False,0.5499791172435965,0,-1
24,1940,4,4,60,1,1,1,0,False,False,True,False,False,False,True,False,False,False,False,False,False,False,False,False,False,False,True,False,False,False,False,True,False,True,False,False,False,False,False,False,False,True,True,False,False,True,False,True,False,0.127615205740684,2,-1
12,1410,2,2,31,1,1,1,0,True,False,False,False,False,False,False,False,False,False,False,False,False,False,True,False,False,False,False,False,False,True,False,False,False,True,False,False,False,False,False,False,False,True,True,False,True,False,False,True,False,0.25333699989314445,1,-1
12,836,4,2,23,1,1,2,1,True,False,False,False,True,False,False,False,False,False,False,False,False,False,False,False,True,False,False,False,True,False,False,False,True,False,False,False,False,True,False,False,False,False,True,False,True,False,False,False,False,0.5,1,-1
20,6468,1,4,60,1,1,1,0,True,False,False,False,True,False,False,True,False,False,False,False,False,False,False,False,False,False,False,True,False,False,False,False,False,False,False,False,False,False,False,False,False,True,True,False,False,False,True,True,False,0.33112651514898367,0,-1
18,1941,4,2,35,1,1,1,0,True,False,False,False,True,False,False,False,False,False,False,False,False,False,False,True,False,False,True,False,False,True,False,False,False,True,False,False,False,True,False,False,False,True,True,False,True,False,False,True,False,0.11921794240580262,1,-1
22,2675,3,4,40,1,1,1,0,False,False,True,False,True,False,False,False,False,False,True,False,False,False,False,False,False,True,False,False,False,False,False,True,False,True,False,False,False,False,True,False,False,True,True,False,False,True,False,False,False,0.0870657058211402,1,-1
48,2751,4,3,38,2,2,1,0,False,False,True,False,False,False,True,True,False,False,False,False,False,False,False,False,False,False,False,True,False,False,False,True,False,True,False,False,False,False,True,False,False,True,True,False,False,True,False,True,False,0.15824840904049878,2,-1
48,6224,4,4,50,1,1,2,1,True,False,False,False,False,True,False,False,False,False,False,False,False,True,False,False,False,False,False,False,False,False,False,True,False,True,False,False,False,False,False,True,False,True,False,True,False,True,False,False,False,0.5939906035148946,0,-1
40,5998,4,3,27,1,1,2,1,False,False,False,False,False,False,True,False,False,False,False,False,False,True,False,False,False,False,False,False,False,True,False,False,False,True,False,False,False,False,False,True,False,False,True,False,False,True,False,True,False,0.5406756445103813,0,-1
21,1188,2,4,39,1,2,2,1,True,False,False,False,True,False,False,False,False,False,False,False,False,False,False,True,False,False,False,False,False,False,False,True,True,False,False,False,False,True,False,False,False,True,True,False,False,True,False,False,False,0.40901428138037027,1,-1
24,6313,3,4,41,1,2,1,0,False,False,True,False,True,False,False,True,False,False,False,False,False,False,False,False,False,False,False,True,False,False,False,True,False,True,False,False,False,False,True,False,False,True,True,False,False,False,True,True,False,0.13493668819901347,0,-1
6,1221,1,2,27,2,1,1,0,False,False,True,False,False,False,True,False,False,True,False,False,False,False,False,False,False,False,False,True,False,True,False,False,False,False,True,False,False,True,False,False,False,True,True,False,False,True,False,False,False,0.1177970714410073,2,-1
24,2892,3,4,51,1,1,1,0,False,True,False,False,True,False,False,False,False,True,False,False,False,False,False,False,False,False,False,False,False,False,False,True,False,False,False,False,False,False,False,True,False,True,False,True,False,True,False,False,False,0.4642472457988415,1,-1
24,3062,4,3,32,1,1,1,0,False,False,True,False,True,False,False,False,False,True,False,False,False,False,False,False,False,True,False,False,False,False,False,True,False,True,False,False,False,False,False,True,False,True,False,False,False,True,False,True,False,0.13891789936002297,1,-1
9,2301,2,4,22,1,1,1,0,False,False,True,False,True,False,False,False,False,True,False,False,False,False,False,False,True,False,False,False,True,False,False,False,True,False,False,False,False,True,False,False,False,True,False,False,False,True,False,False,False,0.15658723819950587,1,-1
18,7511,1,4,51,1,2,2,1,False,False,False,False,True,False,False,True,False,False,False,False,False,False,False,False,False,False,False,True,False,False,False,True,False,True,False,False,False,True,False,False,False,True,False,True,False,True,False,True,False,0.36577604122608603,0,-1
12,1258,2,4,22,2,1,1,0,False,False,True,False,False,False,True,False,False,True,False,False,False,False,False,False,False,False,False,False,True,False,False,False,True,False,False,False,False,True,False,False,False,True,False,False,True,False,False,False,False,0.19414242738917883,2,-1
24,717,4,4,54,2,1,1,0,False,False,True,False,False,True,False,False,False,False,False,False,False,False,False,False,False,False,False,True,False,False,False,True,False,False,True,False,False,False,True,False,False,True,True,False,False,True,False,True,False,0.13760927906620077,2,-1
9,1549,4,2,35,1,1,1,0,True,False,False,False,True,False,False,False,False,False,False,False,False,False,False,False,False,False,False,True,True,False,False,False,False,True,False,False,False,False,False,False,False,True,True,False,False,False,False,False,False,0.46302629882791124,1,-1
24,1597,4,4,54,2,2,1,0,False,False,True,False,False,False,True,False,False,False,False,False,False,True,False,False,False,False,False,False,False,False,False,True,False,True,False,False,False,False,False,True,False,True,False,True,False,True,False,False,False,0.17835145940524294,2,-1
18,1795,3,4,48,2,1,1,0,True,False,False,False,False,False,True,False,False,False,True,False,False,False,False,False,False,False,False,False,False,False,False,True,True,False,False,False,True,False,False,False,False,False,False,False,True,False,False,True,False,0.309441983151318,2,-1
20,4272,1,4,24,2,1,1,0,False,False,False,False,False,False,True,False,False,True,False,False,False,False,False,False,False,False,False,False,False,False,False,True,True,False,False,False,False,True,False,False,False,True,True,False,False,True,False,False,False,0.3614456247115314,2,-1
12,976,4,4,35,2,1,1,0,False,False,True,False,False,False,True,False,False,False,True,False,False,False,False,False,False,False,False,True,False,False,False,True,False,True,False,False,False,False,True,False,False,True,True,False,False,True,False,False,False,0.08556317740303261,2,-1
12,7472,1,2,24,1,1,1,0,True,False,False,False,True,False,False,False,False,False,False,False,False,False,False,False,False,False,False,True,False,False,False,False,True,False,False,False,False,False,False,False,False,True,False,False,False,False,False,False,False,0.2405061396465578,0,-1
36,9271,2,1,24,1,1,2,1,False,False,False,False,True,False,False,False,False,False,False,False,False,False,False,False,False,False,False,False,False,False,True,False,False,True,False,False,False,False,True,False,False,True,True,False,False,True,False,True,False,0.47038140580503934,0,-1
6,590,3,3,26,1,1,1,0,True,False,False,False,True,False,False,False,False,False,True,False,False,False,False,False,False,False,False,False,True,False,False,False,False,False,True,False,False,False,False,False,False,True,True,False,True,False,False,False,True,0.49268311466877346,1,-1
12,930,4,4,65,4,1,1,0,False,False,True,False,False,False,True,False,False,False,True,False,False,False,False,False,False,False,False,True,False,False,False,True,False,True,False,False,False,False,False,False,False,True,True,False,False,True,False,False,False,0.13582980220828583,2,-1
42,9283,1,2,55,1,1,1,0,True,False,False,True,False,False,False,True,False,False,False,False,False,False,False,False,False,False,False,False,False,False,False,False,False,True,False,False,False,False,False,True,False,False,False,True,False,False,True,True,False,0.3505042572730144,3,-1
15,1778,2,1,26,2,1,2,1,True,False,False,False,False,False,False,False,False,False,False,False,False,False,False,False,False,False,False,False,True,False,False,False,True,False,False,False,False,False,False,False,False,True,False,False,False,False,False,False,False,0.6740867032917138,1,-1
8,907,3,2,26,1,1,1,0,True,False,False,False,True,False,False,False,False,False,False,False,False,False,False,True,False,False,False,False,True,False,False,False,False,False,True,False,False,False,False,False,False,True,True,False,False,True,False,True,False,0.4593861914212595,1,-1
6,484,3,3,28,1,1,1,0,True,False,False,False,True,False,False,False,False,False,True,False,False,False,False,False,False,False,False,False,False,False,True,False,False,False,True,False,True,False,False,False,False,False,True,False,True,False,False,False,False,0.334993804349451,1,-1
36,9629,4,4,24,2,1,2,1,False,False,False,False,False,False,True,True,False,False,False,False,False,False,False,False,False,False,False,False,False,False,True,False,False,True,False,False,False,False,True,False,False,True,True,False,False,True,False,True,False,0.5407670988685881,0,-1
48,3051,3,4,54,1,1,2,1,False,False,False,False,True,False,False,False,False,False,False,True,False,False,False,False,False,False,False,False,False,True,False,False,False,True,False,False,False,False,True,False,False,True,True,False,False,True,False,False,False,0.5433356522041084,0,-1
48,3931,4,4,46,1,2,2,1,False,False,False,False,True,False,False,False,False,False,False,False,False,False,False,False,False,False,False,False,False,False,True,False,False,True,False,False,False,False,False,True,False,True,False,True,False,True,False,False,False,0.540621815127016,0,-1
36,7432,2,2,54,1,1,1,0,True,False,False,False,False,True,False,False,False,False,False,False,False,False,False,False,False,False,False,False,False,True,False,False,True,False,False,False,False,True,False,False,False,True,False,False,False,True,False,False,False,0.3914669352941188,0,-1
6,1338,1,4,62,1,1,1,0,False,False,True,False,True,False,False,False,False,False,False,True,False,False,False,False,False,True,False,False,False,True,False,False,False,False,False,False,False,False,False,False,False,True,True,False,False,True,False,False,False,0.08937167870672759,1,-1
6,1554,1,2,24,2,1,1,0,False,False,True,False,False,False,True,False,False,False,True,False,False,False,False,False,False,False,False,False,False,False,True,False,True,False,False,False,False,False,True,False,False,True,False,False,False,True,False,True,False,0.17351940211836497,2,-1
36,15857,2,3,43,1,1,1,0,False,False,False,False,True,False,False,False,True,False,False,False,False,False,False,False,False,False,False,False,False,False,False,False,False,False,False,True,False,False,True,False,False,True,True,False,False,False,True,False,False,0.5893336931829267,0,-1
18,1345,4,3,26,1,1,2,1,False,False,False,False,True,False,False,False,False,False,True,False,False,False,False,False,False,False,False,False,False,True,False,False,False,False,True,False,False,False,False,False,False,False,True,False,False,True,False,False,False,0.5407892662390116,1,-1
12,1101,3,2,27,2,1,1,0,False,False,True,False,True,False,False,False,False,False,False,False,False,False,False,False,False,False,False,False,False,True,False,False,False,False,True,False,False,False,False,False,False,True,True,False,False,True,False,True,False,0.131338572469881,1,-1
12,3016,3,1,24,1,1,1,0,False,True,False,False,True,False,False,False,False,False,True,False,False,False,False,False,False,False,False,False,False,True,False,False,False,False,True,False,False,False,True,False,False,True,True,False,False,True,False,False,False,0.331870510251879,1,-1
36,2712,2,2,41,1,2,2,1,False,False,False,False,True,False,False,False,False,True,False,False,False,False,False,False,False,False,False,False,False,False,False,True,False,True,False,False,False,True,False,False,False,False,True,False,False,True,False,False,False,0.5105011357130277,1,-1
8,731,4,4,47,2,1,1,0,False,False,False,False,False,False,True,False,False,False,False,False,False,False,False,False,False,False,False,False,False,False,False,True,False,True,False,False,False,False,False,False,False,True,True,False,True,False,False,False,False,0.10694837823787373,2,-1
18,3780,3,2,35,2,1,1,0,False,False,True,False,False,False,True,False,False,True,False,False,False,False,False,False,False,False,False,False,True,False,False,False,False,False,False,False,False,False,True,False,False,True,True,False,False,False,True,True,False,0.13839544819205796,2,-1
21,1602,4,3,30,2,1,1,0,False,False,False,False,False,False,True,False,False,False,False,False,False,False,False,False,False,False,False,False,False,False,False,True,False,False,True,False,False,False,True,False,False,True,True,False,False,True,False,True,False,0.34132718821093705,2,-1
18,3966,1,4,33,3,1,2,1,False,False,False,False,False,False,True,False,False,False,False,False,False,False,False,False,False,False,False,False,False,False,False,True,True,False,False,False,False,False,False,False,False,False,False,False,False,True,False,True,False,0.43016537994850435,2,-1
18,4165,2,2,36,2,2,2,1,False,False,True,False,False,False,False,False,False,False,False,False,False,False,False,True,False,False,False,False,False,True,False,False,False,True,False,False,False,False,True,False,True,False,True,False,False,True,False,False,False,0.13152657352528468,1,-1
36,8335,3,4,47,1,1,2,1,False,False,False,False,True,False,False,True,False,False,False,False,False,False,False,False,False,False,False,True,False,False,False,True,False,True,False,False,False,False,False,True,False,True,False,True,False,True,False,False,False,0.5407233209993335,0,-1
48,6681,4,4,38,1,2,1,0,True,False,False,False,False,True,False,False,False,False,False,False,False,False,False,True,False,False,False,True,False,True,False,False,False,True,False,False,False,False,False,True,False,True,False,True,False,True,False,True,False,0.46198427349811877,0,-1
24,2375,4,2,44,2,2,1,0,False,False,True,False,False,True,False,False,False,False,False,False,False,False,False,True,False,True,False,False,False,True,False,False,False,True,False,False,False,False,True,False,False,True,True,False,False,True,False,True,False,0.18742382789394965,2,-1
18,1216,4,3,23,1,1,2,1,False,False,False,False,True,False,False,False,False,False,False,False,False,False,False,False,False,False,False,False,True,False,False,False,True,False,False,False,False,False,True,False,False,True,False,False,False,True,False,True,False,0.5562431290027974,1,-1
45,11816,2,4,29,2,1,2,1,False,False,False,False,False,False,False,False,False,False,False,False,False,False,False,True,False,False,False,False,False,False,False,True,False,True,False,False,False,False,True,False,False,True,False,False,False,True,False,False,False,0.5848262921576242,0,-1
24,5084,2,4,42,1,1,1,0,True,False,False,False,True,False,False,False,False,False,True,False,False,False,False,False,False,False,False,True,False,False,False,True,True,False,False,False,False,False,True,False,False,True,True,False,False,True,False,True,False,0.34374865770412005,1,-1
15,2327,2,3,25,1,1,2,1,False,True,False,False,True,False,False,False,False,False,True,False,False,False,False,False,False,False,False,False,True,False,False,False,True,False,False,False,False,False,False,False,False,True,True,False,True,False,False,False,False,0.5,1,-1
12,1082,4,4,48,2,1,2,1,False,False,False,False,False,False,False,False,False,False,False,False,False,False,False,False,False,False,False,False,False,True,False,False,False,True,False,False,False,False,True,False,False,False,True,False,False,True,False,False,False,0.2669149466663885,1,-1
12,886,4,2,21,1,1,1,0,False,False,True,False,True,False,False,False,False,False,True,False,False,False,False,False,False,False,False,True,False,True,False,False,True,False,False,False,False,False,True,False,False,True,True,False,False,True,False,False,False,0.16320964747904607,1,-1
4,601,1,3,23,1,2,1,0,False,False,True,False,True,False,False,False,False,True,False,False,False,False,False,False,False,False,False,False,True,False,False,False,True,False,False,False,False,False,False,False,False,True,False,False,True,False,False,False,False,0.13764995629932145,1,-1
24,2957,4,4,63,2,1,1,0,False,False,False,False,False,False,True,True,False,False,False,False,False,False,False,False,False,False,False,False,False,False,False,True,False,True,False,False,False,True,False,False,False,True,True,False,False,True,False,True,False,0.13909130104252254,2,-1
24,2611,4,3,46,2,1,1,0,False,False,True,False,False,False,True,False,False,False,True,False,False,False,False,False,False,False,False,False,False,False,False,True,False,False,True,True,False,False,False,False,False,True,True,False,False,True,False,False,False,0.06996084111922897,2,-1
36,5179,4,2,29,1,1,2,1,False,False,False,False,True,False,False,False,False,True,False,False,False,False,False,False,False,False,False,False,False,False,True,False,False,True,False,False,False,True,False,False,False,True,True,False,False,True,False,False,False,0.5870732887854764,0,-1
21,2993,3,2,28,2,1,1,0,False,False,True,False,False,True,False,True,False,False,False,False,False,False,False,False,False,False,False,False,False,True,False,False,False,True,False,False,False,False,False,False,True,False,True,False,True,False,False,False,False,0.13765511689361545,1,-1
18,1943,4,4,23,1,1,2,1,False,False,True,False,True,False,False,False,False,False,False,False,True,False,False,False,False,False,False,False,True,False,False,False,True,False,False,False,False,False,False,False,False,True,True,False,False,True,False,False,False,0.18984942160178647,1,-1
24,1559,4,4,50,1,1,1,0,False,False,True,True,False,False,False,False,False,False,False,False,False,False,False,True,False,False,False,False,False,False,True,False,False,True,False,False,False,False,True,False,False,False,True,False,False,True,False,True,False,0.31821010376769543,3,-1
18,3422,4,4,47,3,2,1,0,False,False,True,False,True,False,False,False,False,True,False,False,False,False,False,False,False,False,False,False,False,False,False,True,False,True,False,False,False,True,False,False,False,False,True,False,False,True,False,True,False,0.15306833790925264,2,-1
21,3976,2,3,35,1,1,1,0,True,False,False,False,True,False,False,False,False,True,False,False,False,False,False,False,False,False,False,True,False,False,True,False,False,True,False,False,False,False,True,False,False,True,True,False,False,True,False,True,False,0.33616991360001636,1,-1
18,6761,2,4,68,2,1,2,1,False,False,True,False,True,False,False,False,False,False,False,False,False,False,False,False,False,False,False,True,False,True,False,False,False,True,False,False,False,False,True,False,False,True,False,False,False,True,False,False,False,0.4360304290394354,0,-1
24,1249,4,2,28,1,1,1,0,False,False,True,False,True,False,False,False,False,False,False,False,False,False,False,False,False,False,False,False,True,False,False,False,False,False,True,False,False,False,False,False,False,True,True,False,False,True,False,False,False,0.1398365788840592,1,-1
9,1364,3,4,59,1,1,1,0,False,False,False,False,True,False,False,False,False,False,True,False,False,False,False,False,False,False,False,False,False,False,True,False,False,True,False,False,False,False,False,False,False,True,True,False,False,True,False,False,False,0.220875876705283,1,-1
12,709,4,4,57,1,1,2,1,False,False,False,False,True,False,False,False,False,False,True,False,False,False,False,False,False,False,False,False,False,False,False,True,False,True,False,False,False,False,False,False,True,False,True,False,True,False,False,False,False,0.35417661786561844,1,-1
20,2235,4,2,33,2,1,2,1,False,False,False,False,False,False,True,False,False,False,False,False,False,False,False,False,False,False,False,False,False,True,False,False,False,False,True,False,True,True,False,False,False,False,False,False,False,True,False,False,True,0.40491944599206897,2,-1
24,4042,3,4,43,2,1,1,0,False,False,True,False,False,False,True,True,False,False,False,False,False,False,False,False,False,False,False,True,False,False,True,False,False,True,False,False,False,True,False,False,False,True,True,False,False,True,False,True,False,0.06594510145328192,2,-1
15,1471,4,4,35,2,1,1,0,False,False,True,False,False,False,True,False,False,False,True,False,False,False,False,False,False,False,False,False,False,True,False,False,False,True,False,False,False,False,False,True,False,True,False,True,False,True,False,True,False,0.11883266558008569,2,-1
18,1442,4,4,32,2,2,2,1,False,False,False,True,False,False,False,False,False,False,False,False,False,False,False,False,False,False,False,False,False,False,True,False,False,True,False,False,False,False,False,True,False,True,False,True,True,False,False,False,False,0.5299085320085021,3,-1
36,10875,2,2,45,2,2,1,0,False,False,True,False,False,True,False,False,False,False,False,False,False,False,False,False,False,False,False,False,False,False,False,True,False,True,False,False,False,False,True,False,False,True,True,False,False,True,False,True,False,0.24632213579273185,0,-1
24,1474,4,3,33,1,1,1,0,False,False,True,False,True,False,False,False,False,False,False,False,False,False,False,False,True,False,False,False,True,False,False,False,False,False,True,False,False,False,False,False,False,True,True,False,False,True,False,True,False,0.14943894489652657,1,-1
10,894,4,3,40,1,1,1,0,False,False,True,False,True,False,False,False,False,False,False,False,False,False,True,False,False,False,False,True,False,False,True,False,True,False,False,False,False,True,False,False,False,True,True,False,False,True,False,True,False,0.11968444191716378,1,-1
15,3343,4,2,28,1,1,1,0,False,False,True,False,False,False,True,False,False,True,False,False,False,False,False,False,False,False,False,False,False,True,False,False,False,True,False,False,False,False,False,True,False,True,False,True,False,True,False,True,False,0.12813846815233215,2,-1
15,3959,3,2,29,1,1,2,1,False,False,False,False,True,False,False,False,False,False,False,False,False,False,False,False,False,False,False,False,False,True,False,False,True,False,False,False,False,True,False,False,False,True,True,False,False,True,False,True,False,0.3652690912937226,1,-1
9,3577,1,2,26,1,2,1,0,False,False,True,False,True,False,False,False,False,False,False,False,False,False,False,False,True,False,False,False,False,True,False,False,False,True,False,False,True,False,False,False,False,True,False,False,False,True,False,False,True,0.1038650984306682,1,-1
24,5804,4,2,27,2,1,1,0,False,False,True,False,False,False,True,True,False,False,False,False,False,False,False,False,False,False,True,False,False,True,False,False,False,True,False,False,False,False,False,False,False,True,True,False,False,True,False,False,False,0.11380395783571542,2,-1
18,2169,4,2,28,1,1,2,1,False,False,True,False,False,True,False,False,False,False,False,False,False,False,False,True,False,False,False,False,False,True,False,False,False,False,True,False,False,False,True,False,False,True,True,False,False,True,False,True,False,0.13199365004339822,1,-1
24,2439,4,4,35,1,1,2,1,False,False,False,False,True,False,False,False,False,False,True,False,False,False,False,False,False,False,False,False,True,False,False,False,True,False,False,False,False,False,False,False,False,True,True,False,False,True,False,True,False,0.5596126452001882,1,-1
27,4526,4,2,32,2,2,1,0,False,False,True,False,False,False,True,False,False,True,False,False,False,False,False,False,False,False,True,False,True,False,False,False,False,True,False,False,False,False,False,False,True,False,True,False,True,False,False,True,False,0.1630128439350005,2,-1
10,2210,2,2,25,1,1,2,1,False,False,True,False,True,False,False,False,False,True,False,False,False,False,False,False,False,False,False,False,False,True,False,False,False,True,False,False,False,False,False,False,False,False,False,False,True,False,False,False,False,0.11645305321645165,1,-1
15,2221,2,4,20,1,1,1,0,False,False,True,False,True,False,False,False,False,True,False,False,False,False,False,False,False,True,False,False,False,True,False,False,True,False,False,False,False,False,True,False,False,True,False,False,False,True,False,False,False,0.1589088718740163,1,-1
18,2389,4,1,27,1,1,1,0,False,False,False,False,True,False,False,False,False,False,True,False,False,False,False,False,False,False,False,False,True,False,False,False,True,False,False,False,False,False,True,False,True,False,True,False,False,True,False,False,False,0.4243433844802469,1,-1
12,3331,2,4,42,1,1,1,0,False,False,True,False,False,False,True,False,False,True,False,False,False,False,False,False,False,False,False,False,False,False,False,True,False,True,False,False,False,True,False,False,True,False,True,False,False,True,False,False,False,0.06179639420074836,2,-1
36,7409,3,2,37,2,1,1,0,False,False,True,False,True,False,False,False,False,False,False,False,False,False,False,True,False,False,False,True,False,False,False,True,False,True,False,False,False,True,False,False,False,True,True,False,False,True,False,False,False,0.1924062202287471,0,-1
12,652,4,4,24,1,1,1,0,False,False,False,False,True,False,False,False,False,True,False,False,False,False,False,False,False,False,False,False,False,False,False,True,True,False,False,False,False,True,False,False,False,True,False,False,False,True,False,False,False,0.5133133074788657,1,-1
36,7678,2,4,40,2,1,1,0,False,False,True,False,False,True,False,False,False,True,False,False,False,False,False,False,False,True,False,False,False,False,True,False,True,False,False,False,False,False,True,False,False,True,True,False,False,True,False,True,False,0.19275875953651386,0,-1
6,1343,1,4,46,2,2,1,0,False,True,False,False,False,False,True,False,False,False,False,False,False,False,False,False,False,False,False,False,False,False,False,True,False,True,False,False,False,False,False,False,False,True,True,False,False,True,False,False,True,0.09815240395091185,2,-1
24,1382,4,1,26,2,1,1,0,False,False,False,False,False,False,True,False,False,False,False,False,False,False,False,True,True,False,False,False,False,False,True,False,False,True,False,False,False,False,False,False,False,True,True,False,False,True,False,True,False,0.4419422186502156,2,-1
15,874,4,1,24,1,1,1,0,False,False,True,False,True,False,False,False,False,False,False,True,False,False,False,False,False,False,False,True,True,False,False,False,True,False,False,False,False,False,False,False,False,True,True,False,False,True,False,False,False,0.1376078922705611,1,-1
12,3590,2,2,29,1,2,1,0,False,False,False,False,True,False,False,False,False,True,False,False,False,False,False,False,False,False,False,False,False,True,False,False,False,True,False,True,False,True,False,False,False,True,True,False,True,False,False,False,False,0.24583458719294035,1,-1
11,1322,4,4,40,2,1,1,0,True,False,False,False,False,False,True,False,False,False,False,False,False,False,False,False,False,False,True,False,False,True,False,False,True,False,False,False,False,False,True,False,False,True,True,False,False,True,False,False,False,0.13622930950744738,2,-1
18,1940,3,4,36,1,1,1,0,False,False,False,True,False,False,False,False,False,False,True,False,False,False,False,False,False,False,False,False,True,False,False,False,False,True,False,True,False,False,False,True,False,False,False,True,False,False,True,True,False,0.48463316374790366,3,-1
36,3595,4,2,28,1,1,1,0,False,False,True,False,True,False,False,False,False,False,True,False,False,False,False,False,False,False,False,False,False,False,False,True,False,True,False,False,False,False,True,False,False,True,True,False,False,True,False,False,False,0.16042537911549462,1,-1
9,1422,3,2,27,1,1,2,1,False,False,False,False,True,False,False,False,False,False,False,False,False,False,False,False,False,False,False,False,True,False,False,False,False,True,False,False,False,False,False,True,False,True,False,True,False,False,True,True,False,0.5382073049932099,1,-1
30,6742,2,3,36,2,1,1,0,False,False,True,False,False,False,True,False,False,False,True,False,False,False,False,False,False,False,False,True,False,False,True,False,False,True,False,False,False,True,False,False,False,True,True,False,False,True,False,False,False,0.1351354969460689,2,-1
24,7814,3,3,38,1,1,1,0,False,False,True,False,True,False,False,True,False,False,False,False,False,False,False,False,False,False,False,False,False,False,True,False,False,True,False,False,False,False,True,False,False,True,True,False,False,False,True,True,False,0.13765550153678127,0,-1
24,9277,2,4,48,1,1,1,0,False,False,True,False,True,False,False,True,False,False,False,False,False,False,False,False,False,False,False,True,False,True,False,False,False,False,False,False,False,False,False,True,False,True,False,True,False,True,False,True,False,0.21385196454976435,0,-1
30,2181,4,4,36,2,1,1,0,True,False,False,False,False,False,True,False,False,False,False,False,False,False,False,False,False,False,False,True,False,False,False,True,False,True,False,False,False,False,False,False,False,True,True,False,False,True,False,False,False,0.2822407779157392,2,-1
18,1098,4,4,65,2,1,1,0,False,False,True,False,False,False,True,False,False,False,True,False,False,False,False,False,False,False,False,False,False,False,False,False,True,False,False,False,False,False,True,False,False,True,True,False,False,False,False,False,False,0.07150863357052525,2,-1
24,4057,3,3,43,1,1,2,1,True,False,False,False,True,False,False,False,False,True,False,False,False,False,False,False,False,False,False,False,False,False,True,False,False,False,False,False,False,False,True,False,False,True,True,False,False,True,False,True,False,0.45288662641231464,1,-1
12,795,4,4,53,1,1,2,1,False,False,False,False,True,False,False,False,False,False,False,False,False,True,False,False,False,False,False,False,True,False,False,False,True,False,False,False,False,True,False,False,False,True,True,False,False,True,False,False,False,0.5099376971371559,1,-1
24,2825,4,3,34,2,2,1,0,True,False,False,False,False,False,True,False,False,False,False,False,False,False,False,True,False,False,False,True,False,False,True,False,False,True,False,False,False,False,False,True,False,True,True,False,False,True,False,True,False,0.3611014645140735,2,-1
48,15672,2,2,23,1,1,2,1,True,False,False,False,True,False,False,False,False,False,False,False,False,False,False,True,False,False,False,False,False,True,False,False,False,True,False,False,False,False,True,False,False,True,True,False,False,True,False,True,False,0.5395856883912947,0,-1
36,6614,4,4,34,2,1,1,0,False,False,True,False,False,False,True,False,False,False,False,False,False,False,False,False,False,False,False,False,False,False,False,True,False,True,False,False,False,False,True,False,False,True,True,False,False,False,True,True,False,0.13766769095976492,2,-1
28,7824,3,4,40,2,2,1,0,False,False,True,True,False,False,False,True,False,False,False,False,False,False,False,False,False,False,False,True,True,False,False,False,False,True,False,False,True,False,False,False,False,False,False,False,False,True,False,True,False,0.3569916199156561,3,-1
27,2442,4,4,43,4,2,1,0,False,False,False,False,False,False,True,False,False,False,False,False,False,False,False,True,False,False,False,False,False,False,False,True,False,True,False,False,False,False,True,False,True,False,True,False,False,False,True,True,False,0.1900005557249692,2,-1
15,1829,4,4,46,2,1,1,0,False,False,True,False,False,False,True,False,False,False,True,False,False,False,False,False,False,False,False,False,False,False,False,True,False,True,False,False,False,False,True,False,False,True,True,False,False,True,False,True,False,0.05980648035541574,2,-1
12,2171,4,4,38,2,1,1,0,False,False,False,False,False,False,True,False,False,False,False,False,False,False,False,False,False,False,False,False,False,True,False,False,False,True,False,False,False,True,False,False,False,False,True,False,True,False,False,False,True,0.13471592272656147,2,-1
36,5800,3,4,34,2,1,1,0,True,False,False,False,False,False,True,True,False,False,False,False,False,False,False,False,False,False,False,False,False,True,False,False,False,True,False,False,False,False,True,False,False,True,True,False,False,True,False,True,False,0.41387735464838277,2,-1
18,1169,4,3,29,2,1,1,0,False,False,True,False,False,False,True,False,False,False,True,False,False,False,False,False,False,False,False,True,False,True,False,False,False,True,False,False,False,True,False,False,False,True,True,False,False,True,False,True,False,0.1240240735375553,2,-1
36,8947,3,2,31,1,2,1,0,False,False,True,False,False,True,False,True,False,False,False,False,False,False,False,False,False,False,False,True,False,False,True,False,False,True,False,False,False,False,True,False,True,False,True,False,False,False,True,True,False,0.17141209963917164,0,-1
21,2606,4,4,28,1,1,1,0,False,False,False,False,True,False,False,False,False,False,True,False,False,False,False,False,False,False,False,False,True,False,False,False,True,False,False,False,False,True,False,False,False,True,False,False,False,False,True,True,False,0.5262171332758775,1,-1
12,1592,3,2,35,1,1,1,0,False,False,True,False,False,False,True,False,False,True,False,False,False,False,False,False,False,False,True,False,False,False,True,False,True,False,False,False,False,True,False,False,False,True,True,False,False,True,False,False,True,0.08685126612284706,2,-1
15,2186,1,4,33,1,1,1,0,False,False,True,False,True,False,False,False,False,True,False,False,False,False,False,False,False,False,False,True,False,False,True,False,True,False,False,False,False,False,False,False,False,False,False,False,True,False,False,False,False,0.12156394999076629,1,-1
18,4153,2,3,42,1,1,2,1,False,False,False,False,True,False,False,False,False,True,False,False,False,False,False,False,False,False,False,False,False,True,False,False,False,True,False,True,False,False,True,False,False,True,True,False,False,True,False,False,False,0.2825236379381132,1,-1
16,2625,2,4,43,1,1,2,1,False,False,False,False,False,False,True,False,False,False,False,False,False,False,False,False,False,False,False,False,False,False,False,True,False,True,False,False,True,True,False,False,False,False,False,False,False,True,False,True,False,0.37176869102596244,2,-1
20,3485,2,4,44,2,1,1,0,False,False,True,False,False,False,True,False,False,False,False,False,False,False,False,False,False,False,False,True,True,False,False,False,False,False,False,False,False,False,False,False,False,True,True,False,False,True,False,True,False,0.13763654294878996,2,-1
36,10477,2,4,42,2,1,1,0,False,False,True,False,False,False,True,True,False,False,False,False,False,False,False,False,False,False,False,True,False,False,False,True,False,True,False,False,False,False,False,True,False,True,False,True,False,True,False,False,False,0.35162227106696814,0,-1
15,1386,4,2,40,1,1,1,0,False,False,True,False,True,False,False,False,False,False,True,False,False,False,False,False,False,False,False,True,False,True,False,False,False,False,True,False,False,False,False,False,False,True,False,False,False,True,False,True,False,0.13016303757877182,1,-1
24,1278,4,1,36,1,1,1,0,False,False,True,False,True,False,False,False,False,False,True,False,False,False,False,False,False,False,False,False,False,False,False,True,False,True,False,False,False,False,False,False,False,True,True,False,False,False,True,True,False,0.14736469683080125,1,-1
12,1107,2,2,20,1,2,1,0,False,False,False,False,True,False,False,False,False,False,True,False,False,False,False,False,False,False,False,False,False,True,False,False,False,True,False,False,False,False,False,False,False,True,False,False,False,False,True,True,False,0.3574153304051896,1,-1
21,3763,2,2,24,1,1,1,0,False,False,False,False,True,False,False,False,False,False,False,False,False,False,False,False,False,False,False,True,False,False,True,False,False,True,False,True,False,False,False,False,False,True,True,False,True,False,False,False,True,0.3667167964031231,1,-1
36,3711,2,2,27,1,1,1,0,True,False,False,False,True,False,False,False,False,False,False,False,False,True,False,False,False,False,False,True,False,True,False,False,False,False,True,False,False,False,True,False,False,True,True,False,False,True,False,False,False,0.49343079677051793,1,-1
15,3594,1,2,46,2,1,1,0,False,False,True,False,False,True,False,True,False,False,False,False,False,False,False,False,False,False,False,False,True,False,False,False,True,False,False,False,False,True,False,False,False,True,True,False,True,False,False,False,False,0.2643344824422606,1,-1
9,3195,1,2,33,1,1,1,0,True,False,False,False,True,False,False,False,False,False,False,False,False,False,False,False,False,False,False,True,False,True,False,False,True,False,False,False,False,False,False,False,False,True,True,False,True,False,False,False,False,0.1428614382345603,1,-1
36,4454,4,4,34,2,1,1,0,False,False,True,False,False,True,False,False,False,False,True,False,False,False,False,False,False,False,False,False,False,True,False,False,True,False,False,False,False,False,False,False,False,True,True,False,False,True,False,False,False,0.13767314798939803,0,-1
24,4736,2,4,25,1,1,2,1,True,False,False,False,False,False,True,False,False,True,False,False,False,False,False,False,False,False,False,False,True,False,False,False,True,False,False,False,False,False,True,False,False,False,True,False,True,False,False,False,False,0.5141490994855701,1,-1
30,2991,2,4,25,1,1,1,0,True,False,False,False,True,False,False,False,False,False,True,False,False,False,False,False,False,False,False,True,False,False,False,True,True,False,False,False,False,False,True,False,False,True,True,False,False,True,False,False,False,0.45939130660300803,1,-1
11,2142,1,2,28,1,1,1,0,False,False,True,False,True,False,False,False,False,False,False,False,False,False,False,True,False,False,True,False,False,False,False,True,False,False,False,False,False,False,False,False,False,True,True,False,False,True,False,True,False,0.0930047284047137,1,-1
24,3161,4,2,31,1,1,2,1,False,False,False,True,False,False,False,False,False,False,False,False,False,False,False,True,False,False,False,False,False,True,False,False,False,True,False,False,False,True,False,False,False,True,False,False,False,True,False,True,False,0.5406533115209001,3,-1
48,18424,1,2,32,1,1,2,1,True,False,False,False,False,False,False,False,True,False,False,False,False,False,False,False,False,False,False,False,False,True,False,False,True,False,False,False,False,True,False,False,False,False,True,False,False,False,True,True,True,0.4803223159078242,0,-1
10,2848,1,2,32,1,2,1,0,False,False,True,False,True,False,False,True,False,False,False,False,False,False,False,False,True,False,False,False,False,True,False,False,False,True,False,True,False,False,False,False,False,True,True,False,False,True,False,False,False,0.08869332674303174,1,-1
6,14896,1,4,68,1,1,2,1,False,False,False,False,True,False,False,False,False,False,False,False,False,False,False,False,False,False,False,False,False,False,False,True,False,True,False,False,False,False,False,True,False,False,True,False,False,False,True,True,False,0.5227346488954943,0,-1
24,2359,1,1,33,1,1,2,1,False,False,False,False,True,False,False,False,False,True,False,False,False,False,False,False,True,False,False,False,False,False,False,False,False,False,False,False,False,True,False,False,False,True,True,False,False,True,False,False,False,0.2658938811224394,1,-1
24,3345,4,2,39,1,1,2,1,False,False,False,False,True,False,False,False,False,True,False,False,False,False,False,False,False,False,False,False,False,False,False,True,False,True,False,False,False,True,False,False,False,True,False,False,False,False,True,True,False,0.5,1,-1
18,1817,4,2,28,2,1,1,0,False,False,True,False,False,False,True,False,False,True,False,False,False,False,False,False,False,False,False,False,False,True,False,False,True,False,False,False,False,False,False,True,False,True,True,False,False,True,False,False,False,0.13764043951835417,2,0
48,12749,4,1,37,1,1,1,0,False,False,True,False,False,True,False,False,False,False,True,False,False,False,False,False,False,True,False,False,False,False,True,False,False,True,False,False,False,False,True,False,False,True,True,False,False,False,True,True,False,0.30953639898795254,0,-1
9,1366,3,4,22,1,1,2,1,False,False,False,False,True,False,False,False,False,False,True,False,False,False,False,False,False,False,False,False,True,False,False,False,True,False,False,False,False,True,False,False,False,True,False,False,False,True,False,False,False,0.5294635900094452,1,-1
12,2002,3,4,30,1,2,1,0,True,False,False,False,True,False,False,False,False,False,False,False,False,False,False,False,False,False,False,False,False,False,True,False,False,True,False,False,False,True,False,False,False,True,False,False,False,True,False,True,False,0.4625529013072397,1,-1
24,6872,2,1,55,1,1,2,1,False,False,False,True,False,False,False,False,False,True,False,False,False,False,False,False,False,False,False,False,True,False,False,False,False,False,False,False,False,True,False,False,False,False,True,False,False,True,False,True,False,0.5405987261971795,3,-1
12,697,4,2,46,2,1,2,1,False,False,False,True,False,False,False,False,False,False,False,False,False,False,False,False,False,False,False,False,True,False,False,False,False,True,False,False,False,False,True,False,False,False,True,False,False,True,False,True,False,0.5407123678651362,3,-1
18,1049,4,4,21,1,1,1,0,False,False,False,False,False,False,True,False,False,True,False,False,False,False,False,False,False,False,False,False,True,False,False,False,True,False,False,False,False,True,False,False,False,True,False,False,False,True,False,False,False,0.35281755833067563,1,-1
48,10297,4,4,39,3,2,2,1,False,False,False,False,True,False,False,True,False,False,False,False,False,False,False,False,False,False,False,False,False,False,True,False,False,True,False,False,False,False,False,True,True,False,False,True,False,True,False,True,False,0.5405947179691473,0,-1
30,1867,4,4,58,1,1,1,0,False,False,True,False,True,False,False,False,False,False,True,False,False,False,False,False,False,False,False,True,False,False,False,True,False,True,False,False,False,False,True,False,False,True,True,False,False,True,False,True,False,0.1644199391719899,1,-1
12,1344,4,2,43,2,2,1,0,False,False,False,False,False,True,False,False,False,False,False,False,False,False,False,False,False,False,False,False,False,True,False,False,False,True,False,False,False,False,False,False,False,True,True,False,True,False,False,False,False,0.36267017455446343,1,-1
24,1747,4,1,24,1,1,1,0,False,False,False,False,True,False,False,False,False,True,False,False,False,False,False,False,False,False,False,False,True,False,False,False,False,True,False,True,False,True,False,False,False,True,True,False,True,False,False,False,True,0.4442771773921505,1,-1
9,1670,4,2,22,1,1,2,1,True,False,False,False,True,False,False,False,False,False,True,False,False,False,False,False,False,False,False,False,True,False,False,False,True,False,False,False,False,False,True,False,False,True,True,False,False,True,False,True,False,0.47698683394715274,1,-1
9,1224,3,1,30,2,1,1,0,False,False,True,False,False,False,True,False,False,False,False,False,False,False,False,False,False,False,False,False,False,True,False,False,False,True,False,False,False,False,False,False,False,True,True,False,False,True,False,False,False,0.1161045767423717,2,-1
12,522,4,4,42,2,2,1,0,False,False,True,False,False,False,True,False,False,False,True,False,False,False,False,False,False,True,False,False,False,False,False,True,False,True,False,False,False,True,False,False,False,True,True,False,False,True,False,True,False,0.16355161334509935,2,-1
12,1498,4,1,23,1,1,1,0,False,False,False,False,True,False,False,False,False,False,True,False,False,False,False,False,False,False,False,False,False,True,False,False,True,False,False,False,False,False,True,False,False,False,True,False,False,True,False,False,False,0.4796617337616233,1,-1
30,1919,4,3,30,2,1,2,1,True,False,False,False,False,True,False,False,False,False,True,False,False,False,False,False,True,False,False,False,True,False,False,False,False,True,False,False,False,False,False,True,True,False,True,False,False,False,True,False,False,0.6350198607398044,1,-1
9,745,3,2,28,1,1,2,1,False,True,False,False,True,False,False,False,False,False,True,False,False,False,False,False,False,False,False,False,False,True,False,False,True,False,False,False,False,False,False,False,False,True,True,False,True,False,False,False,False,0.36544750136251286,1,-1
6,2063,4,3,30,1,1,1,0,True,False,False,False,True,False,False,False,False,False,True,False,False,False,False,False,False,False,False,False,True,False,False,False,False,False,True,False,False,False,True,False,False,True,False,False,False,False,True,True,False,0.4848676942127426,1,-1
60,6288,4,4,42,1,1,2,1,True,False,False,False,True,False,False,False,False,False,False,False,False,True,False,False,False,False,False,False,False,True,False,False,False,True,False,False,False,False,False,True,False,True,False,True,False,True,False,False,False,0.5595728064259963,0,-1
24,6842,2,4,46,2,2,1,0,False,False,True,False,False,False,True,True,False,False,False,False,False,False,False,False,False,False,False,True,False,True,False,False,False,True,False,False,False,True,False,False,False,True,True,False,False,False,True,True,False,0.10527970365622973,2,-1
12,3527,2,3,45,1,2,1,0,False,False,True,False,True,False,False,False,False,False,False,False,False,False,False,False,False,False,False,True,True,False,False,False,False,True,False,False,False,True,False,False,False,True,True,False,False,False,True,True,False,0.1452974170820901,1,-1
10,1546,3,2,31,1,2,1,0,False,False,True,False,True,False,False,False,False,False,False,False,False,False,False,False,False,False,False,False,False,True,False,False,False,True,False,False,False,False,False,False,False,True,True,False,True,False,False,False,True,0.1572819163227066,1,-1
24,929,4,2,31,1,1,1,0,False,False,True,False,True,False,False,False,False,True,False,False,False,False,False,False,False,False,False,True,False,False,True,False,False,True,False,False,False,False,True,False,True,False,True,False,False,True,False,True,False,0.14446278540129248,1,-1
4,1455,2,1,42,3,2,1,0,False,False,True,False,False,False,True,False,False,False,False,False,False,False,False,False,False,False,False,False,False,False,True,False,False,True,False,False,False,False,False,False,False,True,True,False,True,False,False,False,False,0.1018384962120547,2,-1
15,1845,4,1,46,1,1,1,0,False,False,False,False,True,False,False,False,False,True,False,False,False,False,False,False,False,False,False,False,True,False,False,False,True,False,False,False,True,True,False,False,False,True,False,False,False,True,False,False,False,0.48960175673973844,1,-1
48,8358,1,1,30,2,1,1,0,True,False,False,False,False,False,False,False,False,False,False,False,False,False,False,False,False,True,False,False,True,False,False,False,True,False,False,False,False,False,True,False,False,True,True,False,False,True,False,False,False,0.5,0,-1
24,3349,4,4,30,1,2,2,1,False,False,False,True,False,False,False,False,False,True,False,False,False,False,False,False,False,True,False,False,True,False,False,False,False,True,False,False,False,False,False,True,False,True,False,True,False,True,False,True,False,0.5406037636479977,3,-1
12,2859,4,4,38,1,1,1,0,False,False,True,False,True,False,False,False,False,False,False,False,False,False,False,False,False,False,False,True,False,False,False,False,False,True,False,False,False,False,False,True,False,True,True,False,False,False,True,True,False,0.10957504519730488,1,-1
18,1533,4,1,43,1,2,2,1,False,False,True,False,True,False,False,False,False,True,False,False,False,False,False,False,False,False,False,False,True,False,False,False,False,False,True,True,False,True,False,False,False,True,True,False,True,False,False,False,False,0.4311837928881687,1,-1
24,3621,2,4,31,2,1,2,1,False,False,True,False,True,False,False,False,False,False,True,False,False,False,False,False,True,False,False,False,False,False,False,True,False,True,False,False,False,False,True,False,False,True,True,False,False,True,False,False,False,0.15643769685818407,1,-1
18,3590,3,3,40,3,2,1,0,True,False,False,False,False,False,True,False,False,False,False,False,False,False,False,True,False,False,False,False,False,False,False,False,False,False,True,False,False,False,True,False,False,True,True,False,False,False,False,True,False,0.1376222897041394,2,-1
36,2145,2,1,24,2,1,2,1,False,False,False,False,False,True,False,False,False,False,False,False,False,False,False,True,False,False,False,False,False,False,True,False,False,True,False,False,False,False,True,False,False,True,True,False,False,True,False,True,False,0.5407765303681201,1,-1
24,4113,3,4,28,1,1,2,1,True,False,False,False,True,False,False,True,False,False,False,False,False,False,False,False,False,True,False,False,True,False,False,False,True,False,False,False,False,False,True,False,False,True,False,False,False,True,False,False,False,0.5483081265340783,1,-1
36,10974,4,2,26,2,1,2,1,False,False,True,False,True,False,False,False,False,True,False,False,False,False,False,False,False,False,False,False,False,False,False,False,True,False,False,False,False,False,True,False,False,True,True,False,False,False,True,True,False,0.2930619786738534,0,-1
12,1893,4,4,29,1,1,1,0,False,False,False,False,True,False,False,False,False,False,False,False,False,False,False,False,False,False,False,False,False,True,False,False,True,False,False,False,True,True,False,False,False,True,True,False,False,True,False,True,False,0.38246419392461517,1,-1
24,1231,4,4,57,2,1,1,0,False,False,False,False,False,False,True,False,False,False,True,False,False,False,False,False,False,False,True,False,False,False,False,True,True,False,False,False,False,True,False,False,False,True,False,False,False,False,True,True,False,0.17661535345901963,2,-1
30,3656,4,4,49,2,1,1,0,False,True,False,False,False,False,True,False,False,False,True,False,False,False,False,False,False,False,False,True,False,False,False,True,False,True,False,False,False,True,False,False,True,False,True,False,True,False,False,False,False,0.19573315976307631,2,-1
9,1154,2,4,37,3,1,1,0,True,False,False,False,False,False,True,False,False,False,True,False,False,False,False,False,False,False,False,False,False,False,False,True,False,True,False,False,False,False,False,False,False,True,True,False,True,False,False,False,False,0.1710997186010937,2,-1
28,4006,3,2,45,1,1,2,1,False,False,False,False,True,False,False,False,False,False,False,False,False,False,False,False,False,False,False,False,False,True,False,False,False,True,False,False,False,False,True,False,False,True,True,False,True,False,False,False,False,0.5183853156297528,1,-1
24,3069,4,4,30,1,1,1,0,True,False,False,False,True,False,False,False,False,True,False,False,False,False,False,False,True,False,False,False,False,False,False,True,False,True,False,False,False,False,False,True,False,True,False,True,False,True,False,False,False,0.5055225550891838,1,-1
6,1740,2,2,30,2,1,1,0,False,False,True,False,False,False,True,False,False,False,True,False,False,False,False,False,False,False,False,False,False,False,False,True,False,False,True,False,False,False,False,False,False,True,False,False,False,True,False,False,False,0.13767028512061846,2,-1
21,2353,1,4,47,2,1,1,0,True,False,False,False,False,True,False,False,False,False,False,False,False,False,False,False,False,False,False,False,False,True,False,False,False,False,False,False,False,True,False,False,False,True,True,False,False,True,False,False,False,0.3074694342105895,1,-1
15,3556,3,2,29,1,1,1,0,False,False,True,False,True,False,False,False,False,False,False,False,False,False,False,False,False,False,False,True,False,True,False,False,False,True,False,False,False,False,False,True,False,True,True,False,False,True,False,False,False,0.09525524780234136,1,-1
24,2397,3,2,35,2,1,2,1,False,False,True,False,True,False,False,False,False,False,True,False,False,False,False,False,False,True,False,False,False,False,False,True,False,True,False,False,False,False,True,False,False,False,True,False,False,True,False,True,False,0.1326962333936099,1,-1
6,454,3,1,22,1,1,1,0,True,False,False,False,True,False,False,False,False,False,False,False,True,False,False,False,False,False,False,False,True,False,False,False,False,False,True,False,False,True,False,False,False,True,True,False,True,False,False,False,False,0.4117196603016136,1,-1
30,1715,4,1,26,1,1,1,0,True,False,False,False,True,False,False,False,False,False,True,False,False,False,False,False,False,False,False,True,False,True,False,False,True,False,False,False,False,False,True,False,False,True,True,False,False,True,False,False,False,0.5827290981882812,1,-1
27,2520,4,2,23,2,1,2,1,True,False,False,False,False,False,True,False,False,False,True,False,False,False,False,False,False,True,False,False,False,True,False,False,False,True,False,False,False,True,False,False,False,True,True,False,True,False,False,False,False,0.49391162706720565,2,-1
15,3568,4,2,54,1,1,1,0,False,False,True,False,True,False,False,False,False,False,True,False,False,False,False,False,False,False,False,False,False,False,False,True,True,False,False,False,False,False,True,False,False,False,False,False,False,False,True,True,False,0.14566710933944088,1,-1
42,7166,2,4,29,1,1,1,0,False,False,True,False,True,False,False,False,False,False,True,False,False,False,False,False,False,False,False,True,False,False,True,False,False,False,True,False,False,True,False,False,False,True,False,False,False,True,False,True,False,0.14603297213896224,0,-1
11,3939,1,2,40,2,2,1,0,False,False,False,False,False,False,True,False,False,False,False,False,False,False,False,False,False,False,False,False,False,True,False,False,False,True,False,False,False,False,False,False,False,True,True,False,True,False,False,False,False,0.09999127776959404,2,-1
15,1514,4,2,22,1,1,1,0,True,False,False,False,True,False,False,False,False,False,False,False,True,False,False,False,True,False,False,False,False,True,False,False,False,True,False,False,True,False,False,False,False,True,True,False,False,True,False,False,False,0.5440421175365815,1,-1
24,7393,1,4,43,1,2,1,0,False,False,True,False,True,False,False,False,False,False,False,False,False,False,False,False,False,False,False,False,False,True,False,False,False,True,False,False,False,True,False,False,False,True,True,False,True,False,False,False,False,0.13766233252147772,0,-1
24,1193,1,4,29,2,1,2,1,False,False,False,True,False,False,False,False,False,False,False,False,False,False,False,False,False,False,False,False,False,False,False,False,True,False,False,True,False,False,False,True,False,True,False,False,False,False,False,False,False,0.5406929369584134,3,-1
60,7297,4,4,36,1,1,2,1,False,False,False,False,True,False,False,False,False,False,False,False,False,False,False,True,False,False,False,False,False,False,False,True,False,True,False,True,False,False,False,True,False,True,False,False,False,True,False,False,False,0.5407408165554365,0,-1
30,2831,4,2,33,1,1,1,0,False,False,True,False,False,False,True,False,False,False,True,False,False,False,False,False,False,False,False,False,False,True,False,False,True,False,False,False,False,False,True,False,False,True,True,False,False,True,False,True,False,0.12933964823980326,2,-1
24,1258,3,3,57,1,1,1,0,False,True,False,False,True,False,False,False,False,False,True,False,False,False,False,False,False,True,False,False,False,True,False,False,True,False,False,False,False,False,True,False,False,True,True,False,True,False,False,False,False,0.43479967040958456,1,-1
6,753,2,3,64,1,1,1,0,True,False,False,False,True,False,False,False,False,False,True,False,False,False,False,False,False,False,False,False,False,True,False,False,True,False,False,False,True,False,False,False,False,True,True,False,False,True,False,False,False,0.1376282263188099,1,-1
18,2427,4,2,42,2,1,1,0,True,False,False,False,False,True,False,False,False,False,False,False,False,False,False,True,False,False,False,True,False,False,False,True,False,True,False,False,False,True,False,False,False,True,True,False,False,True,False,False,False,0.4139332623359153,1,-1
24,2538,4,4,47,2,2,2,1,False,False,True,False,False,True,False,False,False,False,False,False,False,False,False,False,False,False,False,False,False,False,False,True,False,True,False,False,False,False,True,False,False,True,True,False,True,False,False,False,False,0.21444326325752708,2,-1
15,1264,2,2,25,1,1,2,1,True,False,False,True,False,False,False,False,False,False,False,False,False,False,False,False,True,False,False,False,False,True,False,False,False,False,True,False,False,True,False,False,False,True,False,False,False,True,False,False,False,0.5407206425128385,3,-1
30,8386,2,2,49,1,1,2,1,True,False,False,False,False,False,True,False,False,True,False,False,False,False,False,False,False,False,False,False,False,False,True,False,False,True,False,False,False,True,False,False,False,True,True,False,False,True,False,False,False,0.4625316336135596,0,-1
48,4844,3,2,33,1,1,2,1,False,False,True,False,True,False,False,False,False,False,False,False,False,False,False,True,False,False,False,False,False,False,False,False,False,True,False,False,False,False,True,False,False,False,False,False,False,False,True,True,False,0.18963031302673905,0,-1
21,2923,1,1,28,1,1,1,0,False,True,False,False,True,False,False,False,False,False,False,False,False,False,False,False,True,False,False,False,False,True,False,False,True,False,False,False,False,False,True,False,False,False,True,False,False,False,True,True,False,0.246999387895395,1,-1
36,8229,2,2,26,1,2,2,1,False,False,False,False,True,False,False,True,False,False,False,False,False,False,False,False,False,False,False,False,False,True,False,False,False,True,False,False,False,True,False,False,False,True,True,False,False,True,False,False,False,0.49114783937641615,0,-1
24,2028,2,2,30,2,1,1,0,False,False,True,False,False,False,True,False,False,True,False,False,False,False,False,False,False,False,False,False,False,False,True,False,False,True,False,False,False,True,False,False,False,True,True,False,True,False,False,False,False,0.13674656818694023,2,-1
15,1433,4,3,25,2,1,1,0,False,False,False,False,False,False,True,False,False,True,False,False,False,False,False,False,False,False,False,False,False,True,False,False,True,False,False,False,False,True,False,False,False,True,False,False,False,True,False,False,False,0.3773449625150417,2,-1
42,6289,2,1,33,2,1,1,0,False,True,False,False,False,False,False,False,False,False,False,False,False,False,False,True,False,False,False,False,True,False,False,False,False,False,False,False,False,True,False,False,False,True,True,False,False,True,False,False,False,0.5337936620354327,0,-1
13,1409,2,4,64,1,1,1,0,False,False,True,False,True,False,False,False,False,False,True,False,False,False,False,False,True,False,False,False,False,False,False,False,True,False,False,False,False,False,False,False,False,True,True,False,False,True,False,False,False,0.09971277817359021,1,-1
24,6579,4,2,29,1,1,1,0,False,False,False,False,True,False,False,True,False,False,False,False,False,False,False,False,False,False,False,False,False,False,False,False,False,True,False,False,False,False,False,True,False,True,False,True,False,False,True,True,False,0.4348082998306682,0,-1
24,1743,4,2,48,2,1,1,0,True,False,False,False,False,False,True,False,False,False,True,False,False,False,False,False,False,False,False,False,False,False,False,True,False,True,False,False,False,True,False,False,False,True,True,False,True,False,False,False,False,0.25690524710195606,2,-1
12,3565,2,1,37,2,2,1,0,False,False,True,False,False,False,True,False,False,False,False,False,False,True,False,False,False,False,False,True,True,False,False,False,False,True,False,False,False,True,False,False,False,True,True,False,True,False,False,False,False,0.13759555538457327,2,-1
15,1569,4,4,34,1,2,1,0,False,False,True,True,False,False,False,False,False,False,True,False,False,False,False,False,True,False,False,False,False,False,False,True,False,True,False,False,False,False,True,False,False,False,True,False,True,False,False,False,False,0.25140240957788534,3,-1
18,1936,2,4,23,2,1,1,0,False,False,False,False,True,False,False,False,False,False,True,False,False,False,False,False,False,False,False,True,False,False,True,False,False,False,True,False,False,False,True,False,False,True,False,False,True,False,False,False,False,0.6025997181156852,1,-1
36,3959,4,3,30,1,1,1,0,False,False,False,False,True,False,False,False,False,True,False,False,False,False,False,False,False,False,False,False,False,False,False,False,False,True,False,False,False,True,False,False,False,True,True,False,False,False,True,True,False,0.5776875975722713,1,-1
12,2390,4,3,50,1,1,1,0,False,False,True,False,True,False,False,False,False,False,False,False,False,False,False,False,False,False,False,True,False,False,False,True,False,True,False,False,False,False,True,False,False,True,True,False,False,True,False,True,False,0.11996319397036354,1,-1
12,1736,3,4,31,1,1,1,0,False,False,True,False,True,False,False,False,False,True,False,False,False,False,False,False,False,False,False,False,False,False,True,False,True,False,False,False,False,False,False,False,False,True,True,False,True,False,False,False,False,0.09800472883873994,1,-1
30,3857,4,4,40,1,1,1,0,False,False,False,False,True,False,False,True,False,False,False,False,False,False,False,False,False,False,False,False,False,True,False,False,False,False,False,False,False,True,False,False,False,True,True,False,False,False,True,True,False,0.48957990730658696,1,-1
12,804,4,4,38,1,1,1,0,False,False,True,False,True,False,False,False,False,False,True,False,False,False,False,False,False,False,False,False,False,False,False,True,False,True,False,False,False,False,True,False,False,True,True,False,False,True,False,False,False,0.12363657863125041,1,-1
45,1845,4,4,23,1,1,2,1,False,False,False,False,True,False,False,False,False,False,True,False,False,False,False,False,False,False,False,False,False,True,False,False,False,True,False,False,False,False,False,True,False,True,False,True,False,True,False,True,False,0.5602998006079322,0,-1
45,4576,3,4,27,1,1,1,0,True,False,False,False,False,False,True,True,False,False,False,False,False,False,False,False,True,False,False,False,False,False,False,False,False,True,False,False,False,False,True,False,False,True,True,False,False,True,False,False,False,0.5,0,-1
